Site,IRIS,CMDB
ATSIE,,,Granath, Johan,
AULIL,,,Granath, Johan,
AUMTW,,,Granath, Johan,
AUSYD,,,Granath, Johan,
AUTOR,,,Granath, Johan,
CZNOV,,,Granath, Johan,
FRVER,,,Granath, Johan,
NOHAG,,,Granath, Johan,
SEDIA,,,Granath, Johan,
SKMAL,,,Granath, Johan,
UKBUR,,,Granath, Johan,
UKWWS,,,Granath, Johan,
DKGUG,Certego Denmark,Aalborg (Gugvej),Granath, Johan,
CAABF,PDS Canada,Abbotsford, BC (2368 Peardonville Rd),Granath, Johan,
CAABB,PDS Canada,Abbotsford, BC (30840 Peardonville Rd),Granath, Johan,
CAABT,Pemko Manufacturing,Abbotsford, BC (Mt Lehman Rd),Granath, Johan,
CAABW,FF Canada,Abbotsford, BC (Queen St),Granath, Johan,
GHACC,ASSA ABLOY Ghana,Accra (806 HP Nyemetei Street),Granath, Johan,
USADD,SDA Sales US,Addison, IL (S Lombard Rd),Granath, Johan,
AUDRY,ASSA ABLOY Door Group Australia Pty Limited,Adelaide, SA (High St),Granath, Johan,
MXAGA,SDA Employees Mexico (ACD),Aguascalientes,Granath, Johan,
MXAGS,Corporate HIDG US,Aguascalientes (SA DE CV Blvd.),Granath, Johan,
PTAGQ,Cylintec,Agueda (Vale do Salgueiró 817),Baqueriza, Marian,
SADAM,PDS Saudi Arabia,Al Khobar (King Khalid Road),Granath, Johan,
CRALA,Yale Import Costa Rica,Alajuela (Parque logístico LATAM, Sobre Radial Coyol),Lopez, Jaime,
FIALA,Certego Finland,Alajärvi (Kauppakatu),Granath, Johan,
NZALB,ASSA ABLOY New Zealand,Albany, Auckland (Armstrong Rd),Granath, Johan,
USABY,SDA Sales US,Albany, NY (Albany St),Granath, Johan,
ZAIDS,Inhep Electronics Holdings,Alberton (Cnr Voortrekker & Ring Road East),Granath, Johan,
DEALB,Effeff Electromechanical,Albstadt (Bildstockstraße),Granath, Johan,
USABQ,SDA Sales US,Albuquerque, NM (Midway Park Blvd),Granath, Johan,
USALB,Lumidigm,Albuquerque, NM (Osuna NE),Granath, Johan,
NZWEB,PDS New Zealand,Alicetown (29 Railway Avenue),Watt, Robert,
KZALM,ASSA ABLOY Kazakhstan Office,Almaty (Zenkova Street Business Center),Hemelik, Pavel,
FRALT,record Portes Automatiques France (RPA),Altorf (rue Guynemer),Granath, Johan,
NLAME,Mauer Netherlands,Amersfoort (Spaceshuttle),Granath, Johan,
NLATT,ASSA ABLOY AB,Amsterdam (Johan Huizingalaan),Granath, Johan,
KRANY,BSI South Korea Bluetem,An-yang (Simin-daero 361),Granath, Johan,
USDON,PDS Sales US,Anaheim, CA (S Sinclair St),Granath, Johan,
PHANG,PDS Australia,Angeles City (Angeles City),Granath, Johan,
KRDAN,ASSA ABLOY Korea Co., Ltd Unilock,Ansan (Neunggil-ro),Granath, Johan,
NLAPD,ASSA ABLOY Nederland Sales,Apeldoorn (Roggestraat),Granath, Johan,
USARD,BSI DB NA SEDD,Arden, NC (Buck Shoals Rd),Granath, Johan,
USARL,EAT - RFID North America Operations,Arlington, VA (Crystal Dr),Carter, Pete,
ITARZ,IDT OP Arjo Systems SPA,Arzano, NA (Via Remo de Feo),Granath, Johan,
USEQX,HID AAMS - Corporate,Ashburn (Filigree Ct),Granath, Johan,
USASH,Preferred Technology Systems LLC,Asheville, NC (Patton Ave),Granath, Johan,
USATT,SDA Sales US,Attleboro, MA (Townsend Rd),Granath, Johan,
FRAUB,record Portes Automatiques France (RPA),Aubagne, Marseille (Traverse de la Batisdonne),Granath, Johan,
USAUB,record RAD US,Auburn Hills (Pontiac Road),Granath, Johan,
USWOR,PDS Sales US,Auburn, MA (A St),Granath, Johan,
AUAUB,ASSA ABLOY Australia Pty Ltd,Auburn, NSW (Percy St),Granath, Johan,
NZAND,NZ Fire Doors Limited,Auckland (89 Gavin Street),Wallace, Les,
NZAUK,PDS New Zealand,Auckland (Carbine Rd),Granath, Johan,
USDNV,SDA Sales US,Aurora, CO (E 35th Place),Granath, Johan,
USAUR,ASSA ABLOY Sales and Marketing,Aurora, CO (Fraser St),Granath, Johan,
USAUE,PDS Sales US,Austell, GA (Oak Ridge Parkway),Granath, Johan,
USAUA,Curries,Austell, GA (Riverside Parkway),Granath, Johan,
USTEG,SDA Sales US,Austin (Smith School Road),Granath, Johan,
USAUS,Corporate HIDG US,Austin, TX (Center Ridge Dr),Granath, Johan,
USATN,SDA Sales US,Austin, TX (Todd Ln),Granath, Johan,
FRAVI,record Elevators Holding France (PACA),Avignon (Allee des Bouleaux),Granath, Johan,
DKHEA,ASSA ABLOY Opening Solutions Denmark A/S,Ballerup (Borupvang 5 D),Andersen, Adam,
DKMAR,PDS Denmark,Ballerup (Borupvang 5 D),Mogra, Zahir,
IEUBL,HKC,Ballymount (Parkway Business Centre),Granath, Johan,
INEMB,HID India Private Ltd IAM SI,Bangalore (Embassy Icon, Infantry Rd),Muniyappa, Jagadish Babu,
INBAN,ASSA ABLOY AB,Bangalore (Sarjapur Road),Humeur, Michel,
THBAG,Hospitality Thailand,Bangkok (New Petchburi Rd),Granath, Johan,
THBAA,ASSA ABLOY (Thailand),Bangkok (Pattanakarn Rd),Granath, Johan,
ESMAT,PGA Sales Spain,Barcelona (Av Ernest Lluch, Mataró),Granath, Johan,
ESBAB,Tesa Spain Domestic,Barcelona (Calle Plomo),Granath, Johan,
ESBAH,Marine US,Barcelona (Cornell? de Llobregat),Granath, Johan,
ESBAR,Hospitality Spain,Barcelona (Cornell? de Llobregat),Granath, Johan,
ESBAS,PDS Spain,Barcelona (Rubi),Granath, Johan,
NLBAR,FF Netherlands Sales,Barneveld (Hanzeweg 25),Granath, Johan,
UKBAS,Corporate HIDG UK,Basingstoke (Maplewood Crockford Ln),Granath, Johan,
USBAX,Security Metal Products,Baxter, MN (Design Road),Granath, Johan,
AUVIC,IDT-Placard Pty Ltd,Bayswater (London Dr),Granath, Johan,
CNBEA,ASSA ABLOY Tianming (Beijing) Door Co Ltd,Beijing (Chaoyang District, MCC Tower, 28 Shuanguang Xili),Granath, Johan,
CNZHA,ASSA ABLOY Tianming (Beijing) Door Co Ltd,Beijing (Tongzhou District),Granath, Johan,
MXEST,Abloy Critical Infrastructure Mexico,Benito Juarez (Calle Providencia),Granath, Johan,
NOFAB,Certego Norway,Bergen (Fabriksgaten),Alveberg, Asbjorn,
NOBER,PDS Norway,Bergen (Sandvikstorget),Granath, Johan,
NLBER,Traka Netherlands,Berkel en Rodenrijs (Leeuwenhoekstraat),Granath, Johan,
DEBLN,IKON,Berlin (Attilastraße),Granath, Johan,
USBLN,Arrow Lock Manufacturing,Berlin, CT (Episcopal Rd),Granath, Johan,
USBET,IDT - Vizinex,Bethlehem (6343 Winside Drive),Lam, Kiet,
PLPLO,Mercor Poland,Bielsk (Spó³dzielcza),Hemelik, Pavel,
NOBIL,Certego Norway,Billingstad (Billingstadsletta),Granath, Johan,
USBRM,SDA Sales US,Birmingham, AL (Industrial Ln),Granath, Johan,
DEBIT,FEHA LaserTec GmbH,Bitterfeld-Wolfen (Guardianstrasse),Granath, Johan,
HRMET,METALIND,Bjelovar (Pakracka ulica),Granath, Johan,
NLBLA,Sales PC Henderson Export Netherlands,Bladel (t' Rootven),Granath, Johan,
USBLC,SDA Sales US,Blaine, MN (8838 W 35 W Service Drive),Granath, Johan,
UKBLA,record Blantyre UK (RUK),Blantyre (Hamilton International Park),Granath, Johan,
ZABLO,Inhep Electronics Holdings,Bloemfontein (Dennis Pooley St),Dix, Pat,
FRBLE,record Portes Automatiques France (RPA),Bléré (16 rue Alfred Nobel - ZI),Granath, Johan,
COBOG,ASSA ABLOY Colombia,Bogotá DC (Calle 12),Granath, Johan,
UKDUR,Sales Co. PC Henderson Great Britain,Bowburn, County Durham,Granath, Johan,
ZABRA,Inhep Electronics Holdings,Brackenfell (Okavango Junction),Granath, Johan,
ZABES,Door Automation South Africa,Brackenfell (Patrys Crescent),Granath, Johan,
USTMP,PDS Sales US,Brandon, FL (Broadway Center Boulevard),Granath, Johan,
SKTOM,Sherlock Slovakia,Bratislava (Bajkalska),Granath, Johan,
SKBRT,BSI Slovakia,Bratislava (Tomášikova),Mogra, Zahir,
USVG2,ASSA ABLOY AB,Brecksville (West Snowville Rd),Rockstedt, Jan,
AUBRJ,BSI Monsoon Industries AU,Brisbane, QLD (20 Wharf St),Mogra, Zahir,
AUBRS,The Denmore Group Pty Ltd.,Brisbane, QLD (35 Propreitary St, Tingalpa),Robbs, Chris,
AUEAG,ASSA ABLOY Door Group Australia Pty Limited,Brisbane, QLD (Fison Av),Granath, Johan,
AUROC,ASSA ABLOY Australia Pty Ltd,Brisbane, QLD (Miller St, Murarrie),Granath, Johan,
AUCLO,ASSA ABLOY Door Group Australia Pty Limited,Brisbane, QLD (Redcliffe Garden Rd),Granath, Johan,
USBSJ,BSI IB NA HPD Dynaco US,Bristol (13850 101st Street),Lee, Man,
USBRS,SDA Sales US,Bristol, PA (Pearl Buck Rd),Granath, Johan,
ZABRO,Impro Technologies (Pty) Ltd,Broadacres (Cedar & Gateside Ave),Granath, Johan,
FRBRO,Portafeu Services,Bron (allée des tulipiers),Granath, Johan,
USBRO,SDA Sales US,Brooklyn Heights, OH (Resource Dr),Granath, Johan,
USBQP,SDA Sales US,Brooklyn Park (9501 Louisiana Ave N, Suite 100),Kirwan, Chris,
AUBRO,Lorient Australia (LAU),Brookvale, NSW (Powells Rd, Unit 30),Granath, Johan,
USBRN,BSI DB NA CS Tamu US,Brownsville, TX (1952 S Price Rd),Granath, Johan,
FRBRU,effeff France,Brumath (Rue des Carri?res),Granath, Johan,
ITBRU,GA Prod Italy,Brunello, VA (Via Campo di Maggio 41),Granath, Johan,
COBUC,ASSA ABLOY Colombia,Bucaramanga (Parque Industrial Provincia de Soto 2),Lopez, Jaime,
ROBUA,BSI Prod Romania,Bucharest (Bulevardul Tudor Vladimirescu),Granath, Johan,
ROBUC,Hospitality Romania,Bucharest (Octavian Goga Blvd),Granath, Johan,
ROBUH,AA Romania Manufacturing,Bucharest (Preciziei Ave),Granath, Johan,
HUBUG,PDS Hungary,Budapest (Nagytétényi út),Granath, Johan,
HUBUD,ASSA ABLOY Hungary,Budapest (Záhony utca),Granath, Johan,
ARVIG,ASSA ABLOY AB,Buenos Aires (Avenida del Campo),Rockstedt, Jan,
ARBUE,HID SA IAM SI,Buenos Aires (Ferrari),Granath, Johan,
AREZE,Corporate HIDG US,Buenos Aires (Ferrari),Granath, Johan,
CHBUR,BSI Switzerland,Burgdorf (Buchmattstrasse),Granath, Johan,
CABUR,Mul-T-Lock Canada,Burnaby, BC (Henning Dr),Granath, Johan,
USBUT,SDA Sales US,Butte, MT (North Parkmont),Granath, Johan,
CACAL,SDA Sales Canada,Calgary, AB (52nd Ave SE),Granath, Johan,
CACLG,BSI DB NA Vancouver,Calgary, AB (52nd Ave SE),Granath, Johan,
COCAL,ASSA ABLOY Colombia,Cali (Calle 15 # 25 A),Villanueva, Edicson,
AUCAM,ActivIdentity (Australia) Pty. Ltd,Camberwell, VIC (Toorak Rd),Granath, Johan,
BRCAM,Industria Metalurgica Silvana,Campina Grande - Paraíba,Granath, Johan,
AUMAD,PDS Australia,Canning Vale, WA (Craft St),Granath, Johan,
UKCAN,Exidor,Cannock (Progress Dr),Granath, Johan,
ZACAP,ASSA ABLOY(Pty) Ltd (input entity),Cape Town (Gold St),Granath, Johan,
UKCAR,HID Corporation GB IAM SI,Cardiff (Cae Gwyrdd),Granath, Johan,
AUCAR,BSI Monsoon Industries AU,Cardiff, NSW (3/82 Mitchell Road),Granath, Johan,
USCRL,Pioneer Industries,Carlstadt, NJ (Kero Rd),Granath, Johan,
USCAR,ASSA ABLOY Sales and Marketing,Carol Stream, IL (E Lies Rd),Granath, Johan,
AUCAO,BSI Monsoon Industries AU,Carole Park (Cobalt St),Granath, Johan,
USTCA,BSI IB NA Carrollton,Carrollton, TX (1612 Hutton Dr),Granath, Johan,
COCAR,AAA International Logistic Center S.A.,Cartegena (Via Mamonal),Granath, Johan,
ITMIL,PDS Italy 2,Carugate, MI (Via Guido Rossa),Granath, Johan,
TRKOC,FF Turkey,Cayirova,Granath, Johan,
USCER,Stiles Custom Metal,Ceres (Kinser Road),Granath, Johan,
FRCES,record Portes Automatiques France (RPA),Cesson Sévigné (Impasse des Charmilles - ZI SE),Granath, Johan,
FRCHA,record Portes Automatiques France (RPA),CHAMPLAN (rue de l'Orme Saint Germain),Granath, Johan,
USOCP,Emtek Products,Chandler (2335 South Ellis Street),Rohrbach, Byron,
USCHD,PDS Sales US,Chandler, AZ (Delaware St),Pereira, John,
CNCHA,Changsha Pan Pan,Chang Sha City (Pan Pan Rd, Hu Nan Province),Granath, Johan,
CNSHI,PDS Sales China,Changning, Shanghai (Jinzhong Road),Granath, Johan,
CNCHB,BSI Sales China Changshu,Changshu (133 Huangpu River Road),Dang, Tim,
CNKUN,BSI Prod China Changshu,Changshu (133 Huangpu River Road),Lu(IT), Kevin,
USCTE,SDA Sales US,Charlotte, NC (Hutchison-McDonald Rd),Granath, Johan,
USCHL,PS Ameristar US,Charlotte, NC (Service St),Granath, Johan,
PTLIS,Hospitality SL (Portugal Branch),Charneca da Caparica (12B),Fernandez, Ivan,
FRSAP,BSI Hold Sweden,Chassieu Cedex (rue Paul Villard),Granath, Johan,
USCHW,SDA Sales US,Chatsworth, CA (Gazette Ave),Granath, Johan,
USCHN,BSI DB NA CNC North Carolina,Chattanooga, TN (Dodds Ave),Granath, Johan,
UKCHE,Securistyle,Cheltenham (Princess Elizabeth Way),Granath, Johan,
CNPIX,Chengdu Pan Pan,Chengdu, Sichuan (Gang Tong Bei 4 Rd),Granath, Johan,
INCHE,HID India Private Ltd IAM PACS,Chennai (Olympia Technology Park),O'Neill, John,
KRCHE,iRevo-ASSA ABLOY Korea domestic,Cheonan-si (Daeheung 1-gil),Granath, Johan,
USCHS,SDA Sales US,Chesapeake, VA (Woodlake Cir),Granath, Johan,
HKKOW,ASSA ABLOY Asia Pacific Ltd,Cheung Sha Wan (Excel Centre),Cheung, Kenny,
HKKOA,ASSA ABLOY Hong Kong Ltd.,Cheung Sha Wan (King Lam St),Granath, Johan,
MXCHI,SDA Employees Mexico (ACD),Chihuahua (Col. Las Granjas),Granath, Johan,
MXCHL,BSI DB NA CS Dipisa MX,Chihuahua (Lateral Ortiz Mena),Posada, Vania,
FRCHI,record Automatismes Bâtiment France (AB),CHILLY MAZARIN (rue Nungesser et Coli),Granath, Johan,
CNCHN,BSI China,Chongqing (Hongjing Rd),Granath, Johan,
NZCHR,ASSA ABLOY New Zealand,Christchurch (114 Wigram Rd),Granath, Johan,
NZSYB,PDS New Zealand,Christchurch (Hawdon St),Granath, Johan,
USCTY,Emtek Products,City of Industry, CA (600 Baldwin Park Blvd),Granath, Johan,
USCIT,Emtek Products,City of Industry, CA (E Stafford St),Granath, Johan,
MXMEX,Hospitality Mexico,Ciudad de Mexico, DF (Col del Valle),Granath, Johan,
MXCIU,BSI DB NA CS Tamu US,Ciudad de Mexico, DF (Prolongacion Moliere, Int 13d T-1),Granath, Johan,
USCLN,Security Metal Products,Clinton, OK (W Gary Blvd),Granath, Johan,
USCOC,Corporate HIDG US,Coconut Creek, FL (Lyons Technology Cir),Granath, Johan,
AUCOF,ASSA ABLOY Door Group Australia Pty Limited,Coffs Harbour, NSW (Lawson Crescent),Granath, Johan,
UKCOL,record Blantyre UK (RUK),Coleshill (Coleshill Industrial Estate),Granath, Johan,
MXMOR,SDA Employees Mexico (ACD),Colonia Jardines de Torremolinos,Granath, Johan,
USCOH,PDS Sales US,Colonial Heights (Continental Boulevard),Menasce, Marcus,
USCOL,PDS Sales US,Columbia, MD (Berger Rd),Granath, Johan,
USRID,BSI DB NA SEDD,Columbia, SC (Cook Rd Ridgeway),Granath, Johan,
USCEL,SDA Sales US,Columbia, SC (Cort Rd),Granath, Johan,
USCOS,SDA Sales US,Columbus, GA (Miller Rd),Granath, Johan,
USCON,SDA Sales US,Concord, NC (Pitts School rd.),Gibson, Jason,
AUCOO,BSI Ansa Doors AU,Coolaroo (Maffra Street),Granath, Johan,
AUBRI,Hospitality Oceania,Coopers Plains, QLD,Granath, Johan,
FRCOU,Hospitality France,Courbevoie Cedex,Granath, Johan,
FRCRE,record Portes Automatiques France (RPA),CREMIEU (ZI Les Tribouli?res),Granath, Johan,
AUCRE,BSI Mirage Doors AU,Crestmead (Magnesium Drive),Granath, Johan,
MXCUA,BSI DB NA CS Tamu US,Cuautitlán (Autopista México-Querétaro),Granath, Johan,
KRDAG,PDS Korea,Daegu (Buk-gu),Granath, Johan,
KRDAE,Angel Metal,Daegu (Woram-dong),Granath, Johan,
USDAL,PDS Sales US,Dallas (Manufacturing Street),Granath, Johan,
USDLS,SDA Sales US,Dallas, TX (Shady Trail),Granath, Johan,
KRDAW,Angel Metal,Dalseo-gu (37, Seongseo-ro),kim, myounghoon,
AUDAN,BSI Mirage Doors AU,Dandenong South, VIC (28-30 Quality Drive),Granath, Johan,
USDAV,BSI HLAD Sales US,Danville (1017 Bahls St),Pereira, John,
TZDAR,ASSA ABLOY Tanzania,Dar-es-Salaam,Granath, Johan,
HUDEK,FF Hungary,Debrecen (Kígyóhagyma utca 5),Granath, Johan,
HUDEB,FF Hungary,Debrecen (Richter Gedeon St),Granath, Johan,
UKDEN,Powershield Doors,Denton (Ridgway Office Park),Granath, Johan,
USDES,SDA Sales US,Des Moines, IA (NE Industry Dr),Granath, Johan,
UKDEW,record Blantyre UK (RUK),Dewsbury (Shaw Cross Court),Granath, Johan,
BRDIB,Shared Service Brazil,Diadema (Avenida Luigi Papaiz),Barbosa, Danilo,
BRDIA,Udinese,Diadema - SP,Granath, Johan,
DEDIE,PDS Germany,Dieburg (Lagerstrasse),Granath, Johan,
USDIX,FF US,Dixon, IL (Warp Rd),Granath, Johan,
PLDOB,Mercor Poland,Dobrzen Wielki (Namyslowska),Granath, Johan,
RUDOM,IDS Technodoor Russia,Domodedovsky district(st. Station, 14),Mogra, Zahir,
NODRA,Certego Norway,Drammen (Bj?rnstjerne Bj?rnsonsgate),Granath, Johan,
NLDRI,Focus Cura,Driebergen (Odijkerweg),Granath, Johan,
AEINV,BSI UAE Sweden,Dubai (Dubai Investment Pk 1),Granath, Johan,
AEDSS,ASSA ABLOY Security Solutions Middle East,Dubai (Jebel Ali Industrial Area 1),Granath, Johan,
AEDUB,ASSA ABLOY Global Solutions Norway AS (Branch),Dubai (Sheikh Zayed Road),Granath, Johan,
AEDIP,Lorient Gulf (LGU),Dubai Investment Park 1 (Lorient Gulf Building Materials Trading LLC),O'Toole, John,
AEDUI,Corporate HIDG US,Dubai Silicon Oasis,Granath, Johan,
IEBAL,BSI Ireland,Dublin (Dimension House, Kingswood Business Park),Granath, Johan,
IEDUB,Sales PC Henderson Ireland,Dublin (West Link Industrial Estate),Granath, Johan,
FRDUS,BSI France,Duni?res (Rue de L’Industrie),Granath, Johan,
USELG,PDS Sales US,East Elk Grove, CA (Kent St),Granath, Johan,
ZANAB,Inhep Electronics Holdings,East London (Smarrt Rd),Dix, Pat,
USERO,IDT - Omni-ID Inc US,East Rochester (West Commercial Street),Barford, Zak,
USSYR,PDS Sales US,East Syracuse, NY (Corporate Cir),Granath, Johan,
USEAS,Curries,Easton, PA (Conroy PL),Granath, Johan,
NLEDE,PDS Netherlands,Ede,Granath, Johan,
USMIN,Corporate HIDG US,Eden Prairie, MN (Fargo),Granath, Johan,
CAEDW,PDS Canada,Edmonton, AB (106 Ave),Granath, Johan,
FREGU,record Elevators Holding France (PACA),Eguilles (chemin des Vallades),Granath, Johan,
USELP,SDA Sales US,El Paso, TX (Common Dr),Granath, Johan,
USELO,BSI DB NA CS Tamu US,El Paso, TX (Lomaland Dr),Granath, Johan,
USGRO,PDS Sales US,Elk Grove Village, IL (Jarvis),Granath, Johan,
USELR,SDA Sales US,Elkridge, MD (Dorsey Run Rd),Granath, Johan,
USELM,PS Ameristar US,Elmhurst, IL (Industrial Dr.),Granath, Johan,
USDEE,PDS Sales US,Englewood, CO (American Way),Granath, Johan,
SEENK,CERTEGO Sweden,Enköping (?gatan),Granath, Johan,
AUEPP,record Seven Hills Australia (RAU),Epping (Scanlon Drive),Granath, Johan,
UKERD,Paddock,Erdington (Merlin Park),Granath, Johan,
DEEFT,Effeff Electromechanical,Erfurt (Am Urbicher Kreuz 28),Granath, Johan,
MXNUV,SDA Employees Mexico (ACD),Escobedo (Blvd López Portillo),Granath, Johan,
ESESC,Tesa Spain Domestic,Escoriaza (Aranburuzabala),Granath, Johan,
SELTU,CERTEGO Sweden,Eskilstuna (Kungsgatan 67),Granath, Johan,
SEESK,ASSA ABLOY Opening Solutions Scandinavian Operations,Eskilstuna (Kungsgatan 73c),Granath, Johan,
FIESD,Certego Finland,Espoo (Kutojantie),Granath, Johan,
FIHES,Abloy Locks,Espoo (Lars Sonckin kaari),Granath, Johan,
FIPOO,Abloy Locks,Espoo (Linnoitustie),Sällinen, Tuomas,
FIESO,Certego Finland,Espoo (Tietäjäntie),Granath, Johan,
USEUL,SI - Financial Instant Issuance,Euless, TX (Royal Pkwy),Granath, Johan,
USFAI,SDA Sales US,Fairfield, NJ (Little Falls Rd),Granath, Johan,
UKFAR,record Blantyre UK (RUK),Farnborough (Invincible Road),Granath, Johan,
UKFAA,IDT - Omni-ID Ltd UK,Farnham (The Enterprise Centre),Barford, Zak,
CHFEH,record Switzerland (RTF),Fehraltorf (Allmendstrasse 24),Granath, Johan,
USFLO,PDS Sales US,Florence, MS (Hwy 49 S),Granath, Johan,
USFOR,IDT - BluVision,Fort Lauderdale, FL (Corporate Dr),Granath, Johan,
USDAN,Marine US,Fort Lauderdale, FL (Powerline Rd),Granath, Johan,
CNCHE,BSI Prod China Foshan,Foshan (Lianzhong Rd),Granath, Johan,
DEVIG,ASSA ABLOY AB,Frankfurt (Escborner Landsstrasse),Granath, Johan,
USFRA,record RAD US,Franklin (International Drive),Granath, Johan,
DKEGE,Certego Denmark,Fredericia (Egeskovvej),Granath, Johan,
NOROL,Certego Norway,Fredrikstad (Stabburveie),Granath, Johan,
USFRM,SDA Sales US,Fremont, CA (Christy St),Granath, Johan,
USFRE,HID Corporation IAM PACS (HID),Fremont, CA (Dumbarton Cir),Granath, Johan,
USFMT,EAT - CrossMatch Commercial US,Fremont, CA (Kaiser Dr),Avaiya, Yash,
USFRN,PDS Sales US,Fresno (5494 E Lamona Ave),Pereira, John,
USFRS,SDA Sales US,Fresno, CA (S. Angus Ave),Granath, Johan,
NOFOR,Certego Norway,F?rde (Sanderplassen),Granath, Johan,
IEGAL,HID Global Ireland Teoranta - Prod (AONTEC),Galway (Baile na hAbhann),Granath, Johan,
IEGLY,Corporate HIDG Ireland,Galway (Mervue Business Park),Melvin, Gerard,
IEGWY,HID Global Ireland Teoranta - Prod (AONTEC),Galway (Mervue),Granath, Johan,
IEGLW,HID Global Ireland Teoranta - Prod (AONTEC),Galway (Wellpark Rd),Granath, Johan,
AUTOW,ASSA ABLOY Australia Pty Ltd,Garbutt, QLD North,Granath, Johan,
USGAR,Curries,Garland, TX (Marquis St),Granath, Johan,
PLGDA,Mercor Poland,Gdansk (ul Arkonska),Granath, Johan,
CHGEN,Mul-T-Lock France,Geneva (Rue du Dauphiné),Granath, Johan,
ZAGEO,Inhep Electronics Holdings,George (Meade Street),Granath, Johan,
NOGJO,Certego Norway,Gj?vik (Kallerudsvingen),Granath, Johan,
PLGLO,FF Poland,Glowno (Norblina),Granath, Johan,
NLGOR,Hospitality Benelux,Gorinchem (Stephensonweg),Granath, Johan,
SEEBO,CERTEGO Sweden,Gothenburg (Olof Asklundsgata),Granath, Johan,
USGRN,R.E Schaub Enterprises,Grand Rapids, MI (Talon Ct SE),Granath, Johan,
USGRA,SDA Sales US,Grand Rapids, MI (Turner Ave NW),Granath, Johan,
CHGVA,HID IDT Global/Corp Switzerland,Granges,Granath, Johan,
ATGRA,HID Global Gmbh Walluf,Graz (Waagner-Biro-Str),Granath, Johan,
USGRE,BSI DB NA SEDD,Greenville, SC (Perimeter Rd),Granath, Johan,
FRGRE,record Portes Automatiques France (RPA),Grentheville (rue des Fr?res Chappes),Granath, Johan,
SGIDC,ASSA ABLOY AB,GSSC Data center APAC Primary,Granath, Johan,
CNIDC,ASSA ABLOY AB,GSSC Data center China Mainland Primary,Granath, Johan,
DEMEE,ASSA ABLOY AB,GSSC Data center Europe Primary,Granath, Johan,
DEDUS,ASSA ABLOY AB,GSSC Data center Europe Secondary,Granath, Johan,
USDC1,ASSA ABLOY AB,GSSC Data center North America Primary,Rockstedt, Jan,
USDC2,ASSA ABLOY AB,GSSC Data center North America Secondary,Rockstedt, Jan,
MXGUA,SDA Sales Mexico (AGD),Guadalajara (Av. Vicente Guerrero 224),Granath, Johan,
MXANI,Cerraduras Tesa - ICSBS,Guadalajara, Jalisco (Av. Periferico Sur),Granath, Johan,
MXJAL,BSI DB NA CS Tamu US,Guadalajara, Jalisco (Paseo De Las Lomas, Int 13 Ext 37),Granath, Johan,
CNVG2,ASSA ABLOY AB,Guangzhou (RENMINZHONG COLOCATION CENTER),Granath, Johan,
CNPAN,Smart Technology Company,Guangzhou (Xieshi Road, Panyu District),Granath, Johan,
GTGUA,ASSA ABLOY Guatemala S.A.,Guatemala city (Euro Plaza Business Center),Granath, Johan,
INJAM,Shree Mahavir Metalcraft,Gujarat (Road No 6, Phase 3),Granath, Johan,
KRGUN,iRevo-ASSA ABLOY Korea domestic,Gunpo-si (Gongdan-ro),Granath, Johan,
INGRN,ASSA ABLOY AB,Gurgaon, Haryana (Anath Rd),Tyagi, Robin,
INDEA,Hospitality India,Gurgaon, Haryana (DLF Cyber Terraces),Granath, Johan,
INDEL,ASSA ABLOY Asia Pacific Ltd,Gurgaon, Haryana (DLF Cyber Terraces),Granath, Johan,
KRBUC,PDS Korea,Gyeonggi-do (Bucheon),Granath, Johan,
KRHWA,iRevo-ASSA ABLOY Korea export,Gyeonggi-do (Hwaseong-si),Granath, Johan,
SEGAV,CERTEGO Sweden,Gävle (Apelgatan),Granath, Johan,
SEGBG,ASSA ABLOY Opening Solutions Sweden Sales,Göteborg (Arendals Allé),Rehn, Mikael,
SEGOT,ASSA ABLOY Opening Solutions Sweden Sales,Göteborg (Hamneviksvägen 100),Rehn, Mikael,
USLOD,Mul-T-Lock U.S.A.,Hackensack, NJ (Commerce Way),Granath, Johan,
USNJW,Valli and Valli USA,Hackensack, NJ (Commerce Way),Re, Roberto Carlo,
DEHAL,Doors and Parts Germany,Hallbergmoos (Am Söldnermoos),Granath, Johan,
SEHAL,Phoniro AB,Halmstad (Rörkullsv),Granath, Johan,
USFOW,SDA Sales US,Haltom City, TX (Airport Fwy),Granath, Johan,
NOHAM,Certego Norway,Hamar (Midtstranda),Granath, Johan,
DEHAM,PGA Prod Peiser,Hamburg (Brandstücken),Granath, Johan,
DEHBG,KESO Germany,Hamburg (Niederlassung),Granath, Johan,
USHAM,PDS Sales US,Hamilton, NJ (Horizon Center),Granath, Johan,
ZWHAR,ASSA ABLOY ZIMBABWE (PRIVATE) LIMITED,Harare (Conald Rd),Granath, Johan,
CNHAE,Harbin Xinmao Fire door Manufacturing Co., Ltd.,Harbin,Granath, Johan,
USHRR,KEYper Systems US,Harrisburg, NC (Harrisburg Industrial Park),Granath, Johan,
NOHAR,Certego Norway,Harstad (?smyrveien 3),Granath, Johan,
NOHAU,Certego Norway,Haugesund (Karmsundgata),Granath, Johan,
UKHVH,HID Corporation GB IAM SI,Haverhill,Granath, Johan,
NLHEE,BSI Netherlands Heerhugowaard,Heerhugowaard (Kelvinstraat),Granath, Johan,
FIHEE,Hospitality Norway,Helsinki (Käenkuja),Granath, Johan,
FIHEL,Certego Finland,Helsinki (Mikonkatu),Granath, Johan,
UKHEM,record Blantyre UK (RUK),Hemel Hempstead (Maxted Park),Granath, Johan,
AUHEN,BSI Monsoon Industries AU,Hendon, SA (25 Circuit Court),Granath, Johan,
BEHER,Traka Belux,Herentals (Traka Belux),Basit, Abdul,
DKVLV,Certego Denmark,Herlev (Marielundvej 48),Andersen, Adam,
USHIC,BSI DB NA CNC North Carolina,Hickory, NC (21st St),Granath, Johan,
VNHOI,Hospitality Vietnam,Ho Chi Minh City (31 Ta Hien Street),Zou, Kimi,
VNHOC,ASSA ABLOY Vietnam Company,Ho Chi Minh City (Mac Dinh Chi St),Granath, Johan,
VNHCM,BSI KAD Vietnam,Ho Chi Minh City (Road #11),Granath, Johan,
DKHOB,BSI Denmark,Hobro (Lupinvej),Granath, Johan,
HKIDC,ASSA ABLOY AB,Hong Kong (399 Chai Wan Rd),Lu(IT), Kevin,
HKUNI,Op Arjo Systems Ltd,Hong Kong (Cyberport Rd),Humeur, Michel,
HKKWU,Hospitality Hong Kong,Hong Kong (Hung To Rd, Kwun Tong),Granath, Johan,
CNHKG,Corporate HIDG Hong Kong,Hong Kong (King's Rd),Granath, Johan,
HKVIG,ASSA ABLOY AB,Hong kong (Mega iAdvantage),Granath, Johan,
HKSAT,PDS Hong Kong,Hong Kong (Yuen Shun Circuit, Sha Tin),Granath, Johan,
USHUT,SDA Sales US,Houston, TX (Brittmoore Park Dr),Granath, Johan,
USHOA,AA Service Centers,Houston, TX (Fairbanks N Houston Rd),Granath, Johan,
USHTG,Dominion Service Centers,Houston, TX (Greens Parkway),Granath, Johan,
USHOE,PDS Sales US,Houston, TX (Jameel Rd),Granath, Johan,
BEHOU,PDS Belgium,Houthalen,Granath, Johan,
TWTOW,Corporate HIDG US,Hukou Township (l  No.11 Guangfu Rd),O'Neill, John,
ROHUN,BSI Prod Romania,Hunedoara (Parcul Industrial D.J.),Granath, Johan,
USCTT,BSI DB NA CNC North Carolina,Huntersville (Bryton Corporate Center Drive),Friese, Dale,
DKHVI,record Denmark (BMT),Hvidovre (H?vedstensvej 33),Granath, Johan,
KRHWS,BSI South Korea KAD,Hwaseong-si (Paltan-myeon),Granath, Johan,
SESHL,CERTEGO Sweden,Hägersten (Västberga allé),Granath, Johan,
KRINC,iRevo-ASSA ABLOY Korea domestic,Incheon (Geonji-ro, Seo-gu),Granath, Johan,
USINT,PDS Prod US,Indian Trail (139 Business Park Dr.),Pereira, John,
USIND,SDA Sales US,Indianapolis, IN (Zionsville Rd),Granath, Johan,
ESIRA,Smartair Iberia,Irun, Guipúzcoa (Barrio de Ventas),Granath, Johan,
ESIRV,Tesa Spain Domestic,Irun, Guipúzcoa (Barrio de Ventas),Granath, Johan,
USIRV,Corporate HIDG US,Irvine, CA (Barranca Pkwy),Granath, Johan,
USIRA,Critical Infrastructure US,Irving, TX (Commerce Dr),Granath, Johan,
USIRD,Emtek Products,Irwindale, CA (12801),Granath, Johan,
TRIST,PDS Turkey,Istanbul (Atasehir),Granath, Johan,
TRIOS,Mul-T-Lock Turkey,Istanbul (Ikitelli O.S.B. Ipkas Sanayi Sitesi),Granath, Johan,
TRTUZ,PDS Turkey,Istanbul (Tuzla),Granath, Johan,
USJAC,SDA Sales US,Jacksonville, FL (Bayberry Rd),Granath, Johan,
USJCK,PDS Sales US,Jacksonville, FL (Chedoak Ct),Granath, Johan,
IDJAK,ASSA ABLOY Indonesia,Jakarta (GEDUNG MARGA GUNA GRAND),Granath, Johan,
DEJEN,EAT - CrossMatch Public Germany,Jena (Unstrutweg),Granath, Johan,
KRSIH,ASSA ABLOY Opening Solutions Korea HQ,Jeongwang-dong,Granath, Johan,
CNJIA,Corporate HIDG US,Jiaxing,Granath, Johan,
CNWUY,ASSA ABLOY Jiawei Safety Equipment,Jinhua (Yongkang, Wuyi),Granath, Johan,
FILUK,Abloy Locks,Joensuu (Lukkotie 9),Granath, Johan,
FIRAH,Abloy Locks,Joensuu (Rahtikatu),Granath, Johan,
FIJOE,Abloy Locks,Joensuu (Wahlforssinkatu),Granath, Johan,
ZAGMT,Inhep Electronics Holdings,Johannesburg, Gauteng  (Sunrock Close),Granath, Johan,
ZASAM,Inhep Electronics Holdings,Johannesburg, Gauteng (Landmarks Ave),Dix, Pat,
FIJYV,Certego Finland,Jyväskylä (Seppäläntie),Granath, Johan,
SEJAR,record Sweden (RDS),Järfälla (Datavägen),Granath, Johan,
SEJON,BSI Sweden,Jönköping (Kärrviolsvägen),Granath, Johan,
CAKAM,BSI DB NA Vancouver,Kamloops, BC (Laval Crescent),Granath, Johan,
UGKAM,ASSA ABLOY Uganda,Kampala (Industrial Area),Granath, Johan,
SEKAS,CERTEGO Sweden,Karlstad (Ramgatan),Granath, Johan,
SEKRI,CERTEGO Sweden,Katrineholm (Fredsgatan),Granath, Johan,
CAKEM,FF Canada,Kelowna, BC (Acland Rd),Granath, Johan,
CAKEL,BSI DB NA Vancouver,Kelowna, BC (Kirschner Rd),Granath, Johan,
FIKEM,Certego Finland,Kemi (Nauskankatu 2),Granath, Johan,
USKNS,BSI IB NA Carrollton,Kenosha (13850 101ST Street),Lee, Man,
USKEN,AA Service Centers,Kent, WA (72nd Ave So),Granath, Johan,
USKNT,SDA Sales US,Kent, WA (76th Ave So),Granath, Johan,
USWAS,PDS Sales US,Kent, WA (76th Ave So),Granath, Johan,
USKER,BSI DB NA CNC North Carolina,Kernersville, NC (NC Hwy 66 S),Granath, Johan,
USKRN,SDA Sales US,Kernersville, NC (So Park Dr),Granath, Johan,
USKEW,Pioneer Industries,Kewanee, IL (W First St),Lynch, Justin,
AUCLA,PDS Australia,Keysborough, VIC (Indian Dr),Granath, Johan,
AUADE,PDS Australia,Kilkenny, SA (Torrens Rd),Granath, Johan,
SEKIR,CERTEGO Sweden,Kiruna (Industrivägen),Granath, Johan,
SEFIN,CERTEGO Sweden,Kista (Finlandsgatan),Granath, Johan,
CHKLE,MSL,Kleinlützel (Laufenstr),Granath, Johan,
USKNX,SDA Sales US,Knoxville, TN (Dutch Valley Rd),Granath, Johan,
USKNO,BSI DB NA CNC North Carolina,Knoxville, TN (Middlebrook Pike),Granath, Johan,
NOKON,Certego Norway,Kongsvinger (Kongeveien 86),Granath, Johan,
CZOST,PDS Prod Czech,Kostelec (Ostrov u Stribra 11),Granath, Johan,
CZKOS,BSI Czech,Kostelec (Ostrov u Stribra 63),Granath, Johan,
FIKOU,Certego Finland,Kouvola (Hallituskatu),Granath, Johan,
PLGOC,Shared Tech Poland,Krakow (Equal Business Park),iris, iris,
NOKRI,Certego Norway,Kristiansand (Fisk?veien),Granath, Johan,
SEKST,CERTEGO Sweden,Kristianstad (Isolatorvägen),Granath, Johan,
MYKUP,HID Asia Pacific Ltd IAM PACS,Kuala Lumpur(Unit 8-5, Oval Damansara),Mohd Hair, Fyzri Nurhaqy Bin,
MYPEN,HID Global Sdn Bhd - Cards and Inlay,Kulai (Jalan I-Park 1/1),Granath, Johan,
MYKUL,HID Global Sdn Bhd - Cards and Inlay,Kulai (Jalan l-Park 1/2),Avaiya, Yash,
SECOP,Copiax,Kungens Kurva (Ellipsvägen),Granath, Johan,
FIKUO,Certego Finland,Kuopio (Maaherrankatu),Granath, Johan,
HKKCH,HID Asia Pacific Ltd IAM PACS,Kwai Chung (High Fashion Center),Yip, Henry Wai Ming,
PLKOR,Malkowski Martech Poland,Kórnik(Leœna 57),Fija³kowska, Edyta,
SEKOP,CERTEGO Sweden,Köping (Sveavägen),Granath, Johan,
FRLAC,IDT-HID Textile Services SARL,La Ciotat (180 Voie Ariane),Barford, Zak,
NGLAG,ASSA ABLOY Nigeria,Lagos (Akanni Doherty St),Granath, Johan,
PKLAH,ASSA ABLOY Pakistan ME,Lahore (DHA phase 6),Johnrose, Shibu,
FILAH,Certego Finland,Lahti (Launeenkatu),Granath, Johan,
AULAN,BSI Monsoon Industries AU,Landsdale (Christable Way),Granath, Johan,
SEHOS,Hospitality Sweden,Landskrona (Lodjursgatan 1),Granath, Johan,
SELAN,ESD Cost Allocation,Landskrona (Lodjursgatan 10),Granath, Johan,
CNLAN,Langfang Pan Pan,LangFang (Chuangye Rd),Granath, Johan,
CZLAN,IDT-Lux IDent Czech,Lanskroun (Tovarni),Barford, Zak,
FILAP,Certego Finland,Lappeenranta (Myllymäenkatu 25),Granath, Johan,
USLVE,PDS Sales US,Las Vegas (2700 E Patrick Ln #17),Pereira, John,
USLAS,PDS Sales US,Las Vegas, NV (E Brooks Ave),Granath, Johan,
USLVG,SDA Sales US,Las Vegas, NV (So Cameron St),Granath, Johan,
USLWR,SDA Sales US,Lawrence, KS (Greenway Cir),Granath, Johan,
USLAW,BSI IB NA HPD Albany US,Lawrenceville, GA (N Brown Rd),Granath, Johan,
USLEB,Sargent Manufacturing,Lebanon (Eastgate Blvd),Granath, Johan,
PTLEC,TESA Portugal,Leca da Palmeira (Rua Hintze Ribeiro),Granath, Johan,
UKLEE,Pickersgill-Kaye,Leeds (Pepper Rd),Granath, Johan,
CNLEL,AA Guoqiang Hardware Tech,Leling (Tingjin Rd),Granath, Johan,
MXLEO,Bruken,Leon, Gto (Blvd Adolfo Lopez Mateos),Granath, Johan,
MXBJX,Corporate HIDG US,Leon, GTO (Col. Jardines del Morel),Granath, Johan,
FRLEP,record Portes Automatiques France (RPA),Les Pennes Mirabeau (avenue Lamartine - ZAC de l'Agavon),Granath, Johan,
PLLES,Hardware Manufacturing Poland,Leszno (ul Magazynowa),Granath, Johan,
FRLEV,Op Arjo Systems SAS,Levallois-Perret, Paris (rue Jacques Ibert),Granath, Johan,
USLIB,LifeSafety Power,Libertyville, IL (E Park Ave),Granath, Johan,
SELID,Reco Port Sweden,Lidköping (Sockerbruksgatan),Granath, Johan,
BELID,L-Door Residential Belgium,Liedekerke (Affligemsestraat),Granath, Johan,
BELIE,L-Door Residential Belgium,Liedekerke (Denderstraat),Granath, Johan,
FRLIE,BSI France,Lieusaint (avenue Marguerite Perey),Granath, Johan,
FRXXX,PDS France,Lieusaint (avenue Marguerite Perey),Granath, Johan,
NOLIL,Certego Norway,Lillehammer (Korgvegen),Granath, Johan,
PELIM,PUCON,Lima (Av. Roosevelt 6138 Miraflores),Lopez, Jaime,
PELMA,PUCON,Lima (Avenida Mariscal La Mar 550),Chung, Luis,
FRLIM,record Portes Automatiques France (RPA),Limoges (avenue de l'Abattoir),Granath, Johan,
SELKP,CERTEGO Sweden,Linköping (Vigfastgatan),Granath, Johan,
DELIP,BSI Germany Lippstadt,Lippstadt (Am Mondschein),Granath, Johan,
PTAMA,ASSA ABLOY Portugal,Lisboa,Granath, Johan,
PTCHA,PDS Portugal,Lisboa (Areeiro),Granath, Johan,
UKLIS,Powershield Doors,Lisburn (Ferguson Dr),Granath, Johan,
UKLIT,HKC,Littleborough (James Hill St),Granath, Johan,
USLIV,PDS Sales US,Livonia, MI (Schoolcraft Rd),Granath, Johan,
UKVIG,ASSA ABLOY AB,London (Goswell St),Granath, Johan,
CALON,BSI IB NA Dock Products Canada,London, ON (Sovereign Rd),Granath, Johan,
USLOB,Mercury Security Products,Long Beach, CA (Mira Mar Ave),Granath, Johan,
FRLON,ASSA ABLOY Security Solutions France,Longue Jumelles (rue Michel Couet),Granath, Johan,
FRLOR,record Portes Automatiques France (RPA),Lormont, Bordeaux (Rue du Courant),Granath, Johan,
USHAR,Ceco door Products,Los Indios, TX (Harlingen Warehouse),Granath, Johan,
UKLOU,IDT-Technology Solutions (UK) Limited,Loughborough (Suite A),Barford, Zak,
USLOU,PDS Sales US,Louisville, TN (Hillside Drive),Pereira, John,
USLUB,SDA Sales US,Lubbock, TX (Hwy 87),Granath, Johan,
SELUL,CERTEGO Sweden,Lule? (Södra Kungsgatan),Granath, Johan,
SELND,CERTEGO Sweden,Lund (Propellervägen),Granath, Johan,
SELUN,BSI Service Hold Sweden,Lund (Traktorgränden),Granath, Johan,
LULUX,ASSA ABLOY Financial Services AB (publ),Luxembourg,Granath, Johan,
CALAS,Medeco Security Locks,L’Assomption,Hazzard, Henry,
NLMAA,SEHub Production,Maastricht (Horsterweg),Granath, Johan,
AUVG1,ASSA ABLOY AB,Macquarie Park (4 Eden Park DR),Humeur, Michel,
ESMAD,PDS Spain,Madrid (C/Valportillo Segunda, P.I. Alcobendas),Granath, Johan,
DEMAH,record Prod BLASI Germany (BLASI),Mahlberg (Carl-Benz-Str.),Granath, Johan,
SKSHE,Sherlock Slovakia,Malacky (Tovarenska),Granath, Johan,
AUPER,ASSA ABLOY Australia Pty Ltd,Malaga, WA ( Unit 4/ 348 Victoria Rd),Granath, Johan,
SEMLM,CERTEGO Sweden,Malmö (Höjdrodergatan),Granath, Johan,
SEMAL,ASSA ABLOY AB,Malmö (Nordenskiöldsgatan),Rockstedt, Jan,
TRISA,PGA Turkey,Maltese/Istanbul (Altaycesme Mahallesi),Granath, Johan,
USMNS,SDA Sales US,Manassas, VA (Harry J Parrish Blvd),Granath, Johan,
USMAN,PS Ameristar US,Mansfield, MA (Maple St),Granath, Johan,
USMAR,Preferred Technology Systems LLC,Marietta, GA (Trammell St),Granath, Johan,
AUMAR,ASSA ABLOY Australia Pty Ltd,Marleston, SA (South Rd),Granath, Johan,
FRMAR,record Elevators Holding France (PACA),Marseille (93 boulevard Henri BARNIER),Granath, Johan,
USMAS,ASSA ABLOY Door Group,Mason City, IA (12th St NW),Granath, Johan,
MXTAM,BSI DB NA CS Tamu US,Matamoros (Av Pedro Cardenas),Granath, Johan,
USMCA,SDA Sales US,McAllen, TX,Granath, Johan,
USMCK,PS B&B Roadway and Security Solutions US,McKinney(Lake Forest Dr),Morris, Terry,
COMED,Hospitality Colombia,Medellin (Edificio Las Colinas del Poblado),Granath, Johan,
AUBAY,ASSA ABLOY Door Group Australia Pty Limited,Melbourne, VIC (Brunsdon St),Granath, Johan,
AUCRB,ASSA ABLOY Door Group Australia Pty Limited,Melbourne, VIC (Cameron St),Granath, Johan,
AUBEN,ASSA ABLOY Door Group Australia Pty Limited,Melbourne, VIC (Creek St),Granath, Johan,
AUCRA,ASSA ABLOY Door Group Australia Pty Limited,Melbourne, VIC (Gordon St),Granath, Johan,
AUHOP,ASSA ABLOY Door Group Australia Pty Limited,Melbourne, VIC (Kilmarnock Ct),Granath, Johan,
AUCHE,ASSA ABLOY Door Group Australia Pty Limited,Melbourne, VIC (Tulip St),Granath, Johan,
BEMEL,BSI Belgium,Melle (Gontrode Heirweg),Granath, Johan,
USDIS,Pemko Manufacturing,Memphis, TN (Distribution Drive),Granath, Johan,
USMMP,SDA Sales US,Memphis, TN (Shelby Oaks Dr),Granath, Johan,
AUMEN,ASSA ABLOY Australia Pty Ltd,Mentone, VIC,Granath, Johan,
USMEQ,BSI IB NA Carrollton,Mequon, WI (W Eastwood Ct),Granath, Johan,
USMRD,SDA Sales US,Meridian, ID ( S. Teare Ave),Granath, Johan,
USMES,AA Service Centers,Mesquite (1451 IH30 Parkway),Lynch, Justin,
MXMXC,SDA Employees Mexico (ACD),Mexicali (BCN),Granath, Johan,
FIMIK,Certego Finland,Mikkeli (Karikontie),Granath, Johan,
USMIL,ASSA ABLOY Door Group,Milan, TN (Telecom Dr),Granath, Johan,
CAMIS,ASSA ABLOY Door Group, Inc.,Mississauga (8-7045 Tranmere Drive),Granath, Johan,
CAMII,record RAD Canada,Mississauga (Ridgeway Drive),Granath, Johan,
CAMIT,Averics Systems,Mississauga(2345 Argentia Rd),Vienneau, Tony,
CATOR,SDA Sales Canada,Mississauga, ON (Pacific Circle),Granath, Johan,
CAMIE,PDS Canada,Mississauga, ON (Sladeview),Granath, Johan,
CAMIA,BSI IB NA Dock Products Canada,Mississauga, ON (Trinity Dr),Granath, Johan,
NOMJO,NASSAU-Norport Norway,Mj?ndalen (Strandveien),Granath, Johan,
USMOC,SDA Sales US,Mocksville, NC (Enterprise Way),Granath, Johan,
ITQUA,GA Sales Italy,Mogliano Veneto (TV),Granath, Johan,
AUMON,Traka Oceania,Mona Vale (Polo Ave),Granath, Johan,
USMOR,PDS Sales US,Monroe (1310 Airport Road),Granath, Johan,
USMOO,record RAD US,Monroe (Phil Hargett Ct),Granath, Johan,
USMOE,PDS Sales US,Monroe, NC (1900 Airport Rd),Granath, Johan,
USMON,Yale AD Center,Monroe, NC (1902 Airport Rd),Hazzard, Henry,
USMOA,Norton Door Controls,Monroe, NC (Hwy 74 E),Granath, Johan,
USMOW,Norton Door Controls,Monroe, NC (N Secrest Ave),Granath, Johan,
MXNUE,BSI DB NA CS Tamu US,Monterrey (Av Adolfo Lopez Mateos),Granath, Johan,
MXMTY,SDA Sales Mexico (AGD),Monterrey (Jose Lopez Portillo),Granath, Johan,
CHMON,Doors and Parts Switzerland,Montlingen (Gewerbestrasse),Granath, Johan,
CAMON,ABLOY Canada Inc.,Montreal (Trans Canada),Granath, Johan,
FRMON,ASSA ABLOY France SAS,Montrouge (avenue Marx Dormoy),Granath, Johan,
BEMOO,BSI IB EMEA EU,Moorsel (Waverstraat),Granath, Johan,
RUMOS,ASSA ABLOY Russia,Moscow (Obrucheva Street 36),Hemelik, Pavel,
RUMOT,IDS Technodoor Russia,Moscow(Entrance No 15, office 401B),Granath, Johan,
RUMOU,IDS Technodoor Russia,Moscow(Entrance No 15, office 417B),Mogra, Zahir,
SEMOT,CERTEGO Sweden,Motala (Marsgatan),Granath, Johan,
INMUE,ASSA ABLOY India Private Ltd,Mumbai MAHARASHTRA (GOREGAON EAST),Granath, Johan,
USMUN,BSI IB NA HPD Dynaco US,Mundelein, IL (935 Campus Dr),Granath, Johan,
USMND,BSI IB NA HPD Dynaco US,Mundelein, IL (956 Campus Dr),Granath, Johan,
USMUS,BSI IB NA Carrollton,Muskego, WI (Racine Ave),Granath, Johan,
SENYM,CERTEGO Sweden,Märsta (Söderbyvägen),Granath, Johan,
MXMXB,ASSA ABLOY Mexico,México, DF (Pelicano),Wheeler, Pete,
MXMXN,Cerraduras y Candados Phillips SA de CV,México, DF (Pelicano),Granath, Johan,
SEMOL,ASSA ABLOY Opening Solutions Scandinavian Operations,Mölnlycke (?karevägen 1 ),Granath, Johan,
KENAI,ASSA ABLOY Kenya,Nairobi (Dunga Close),Granath, Johan,
CANAN,FF Canada,Nanaimo, BC (Boban Dr),Granath, Johan,
CNNAN,BSI China,Nanjing (ZhongShan E St),Granath, Johan,
USNAP,BSI DB NA Chicago,Naperville, IL (Corporate Ln),Granath, Johan,
FRNAR,record Elevators Holding France (PACA),NARBONNE (1 rue Gustave Eiffel),Granath, Johan,
USNSH,BSI DB NA CNC North Carolina,Nashville, TN (Dickerson Pike),Granath, Johan,
USNAS,SDA Sales US,Nashville, TN (Trousdale Dr),Granath, Johan,
INNAV,IDT - Omni-ID Ltd IN,Navi Mumbai (#1007, Mayur?esh Square),Barford, Zak,
INNAW,Abloy Critical Infrastructure India,Navi Mumbai (Shelton Sapphire Tower),Managave, Sanket,
USNEE,Corporate HIDG US,Needham, MA (Highland Cir),Granath, Johan,
ZANEL,Inhep Electronics Holdings,Nelspruit (22 Rapid St),Granath, Johan,
USNWB,SDA Sales US,New Berlin, WI (S Emmer Dr),Granath, Johan,
USDSS,Building Technology Solutions,New Haven, CT (110 Sargent Dr),Wheeler, Pete,
USNEW,ASSA Inc,New Haven, CT (110 Sargent Dr),Granath, Johan,
IENRO,BSI Ireland,New Ross (Woodbine Business Park),Granath, Johan,
USNYC,Valli and Valli USA,New York, NY (W 21st St),Granath, Johan,
UKNEW,Lorient UK,Newton Abbot (Fairfax Rd),Granath, Johan,
USNWT,Concept Frames,Newton, NC (Industrial Dr),Granath, Johan,
FRNEY,record Holding France (CORD),NEYRON (Portes du grand Lyon),Granath, Johan,
ATNIE,Doors and Parts Austria,Niederwaldkirchen (Drautendorf),Granath, Johan,
BENIU,ASSA ABLOY Belgium Sales,Nieuwpoort (Canadalaan),Granath, Johan,
USNRC,SDA Sales US,Norcross, GA (Corners Ind Ct),Granath, Johan,
USAHG,Sargent Manufacturing,Norcross, GA (Medlock Bridge Road),Granath, Johan,
NOSOL,NASSAU-Norport Norway,Norport (Tjernsliveien),Granath, Johan,
SENOR,Phoniro AB,Norrköping (Hospitalsgatan),Granath, Johan,
SELDS,CERTEGO Sweden,Norrköping (Importgatan),Granath, Johan,
FRNOR,record Portes Automatiques France (RPA),Norroy Le Veneur (rue de la Fontaine Chaudron),Granath, Johan,
USNCH,BSI DB NA SEDD,North Charleston (7611 Sandlapper Parkway),Pereira, John,
FRNOY,record Noyarey France (ISEA),NOYAREY (Avenue de Saint Jean),Granath, Johan,
SEIDB,CERTEGO Sweden,Nyköping (Idbäcksvägen),Granath, Johan,
USOAK,ASSA ABLOY AB,Oak Brook, IL (Commerce Dr),Granath, Johan,
AUOAK,ASSA ABLOY Asia Pacific Ltd,Oakleigh, VIC (Huntingdale Rd),Granath, Johan,
DEOBE,PGA Germany,Oberursel (In den Schwarzwiesen),Granath, Johan,
DKODE,NASSAU Sales Denmark,Odense (M?llekajen),Granath, Johan,
DKOST,Certego Denmark,Odense (St?rmoseg?rdsvej),Granath, Johan,
ITBRE,FF Italy,Offlaga (Via Caduti di Nassirya),Granath, Johan,
UKOLD,BSI Dover UK,Oldham (Coldhurst St),Granath, Johan,
FROLE,record Elevators Holding France (PACA),Olemps (impasse de l'Orée du Bois),Granath, Johan,
ESOLI,FF Spain,Oliva (Valencia),Granath, Johan,
UKOLN,Traka UK,Olney (30 Stilebrook Rd),Granath, Johan,
UKOLS,Traka UK,Olney (Osier Way),Granath, Johan,
USLVS,SDA Sales US,Omaha, NE,Granath, Johan,
USONT,Yale Commercial Legacy,Ontario, CA (Concours St),Granath, Johan,
ITCAR,GA Sales Italy,Origgio (VA),Granath, Johan,
USORD,PDS Sales US,Orlando, FL (Creek RD),Granath, Johan,
USORN,SDA Sales US,Orlando, FL (LB McLeod Rd),Granath, Johan,
USORO,PS Ameristar US,Orlando, FL (Mercy Star Ct),Granath, Johan,
USTRA,Traka USA,Orlando, FL (Traylor Blvd),Basit, Abdul,
JPOSA,ASSA ABLOY Japan,Osaka (Minami Kyuhoujicho),Granath, Johan,
NOOSL,BSI Norway,Oslo (Str?msveien 179),Granath, Johan,
NOOSO,Certego Norway,Oslo (Str?msveien 266),Granath, Johan,
NOMAJ,Certego Norway,Oslo (Vitaminveien),Granath, Johan,
UKOST,BSI IDE UK,Ossett (Wakefield Rd),Granath, Johan,
CZHAS,BSI Czech,Ostrava - Poruba,Granath, Johan,
NOOTT,Certego Norway,Otta (Storgata),Granath, Johan,
BEOUD,L-Door Industrial Belgium,Oudenaarde (Westerring),Granath, Johan,
FIOUL,Abloy Locks,Oulu (Isokatu),Granath, Johan,
FIOUU,Certego Finland,Oulu (Krouvintie),Granath, Johan,
FROUS,Fichet France,Oust Marest,Granath, Johan,
USPAL,EAT - CrossMatch Public US,Palm Beach Gardens, FL (RCA Blvd),Granath, Johan,
PAPAN,Hospitality Panama,Panama (Edificio Brasil 405),Granath, Johan,
MXREY,BSI IB NA Reynosa Mexico,Parque Industrial Reynosa AP.294,Granath, Johan,
PHMAN,ASSA ABLOY Singapore Pte Ltd,Pasig City (ADB Avenue),Granath, Johan,
USPEA,PDS Sales US,Peachtree City, GA (Dividend Dr),Granath, Johan,
USPEH,FF US,Peachtree City, GA (Gardner Park),Granath, Johan,
AUWIL,ASSA ABLOY Door Group Australia Pty Limited,Perth, WA (Whyalla St),Granath, Johan,
MYPET,record Malaysia (RMY),Petaling Jaya (No.30 & 32 Jalan PJU 1A/13, Ara Damansara),Granath, Johan,
USPHA,BSI IB NA Carrollton,Pharr, TX,Granath, Johan,
USPHI,PS Jerith Prod US,Philadelphia, PA (McNulty Rd),Granath, Johan,
USPHX,ASSA ABLOY Sales and Marketing,Phoenix (10235 S 51st Street),Lopez, Manuel,
USPHN,SDA Sales US,Phoenix, AZ (S 11th Ave),Granath, Johan,
USPHO,ASSA ABLOY Sales and Marketing,Phoenix, AZ (S 51st St),Granath, Johan,
PLPIA,record Poland (RDP),Piaseczno (Stara Iwiczna),Granath, Johan,
CZPIL,BSI Czech,Pilsen – Koterov (U Privadece),Granath, Johan,
ZADUR,ASSA ABLOY(Pty) Ltd (input entity),Pinetown (Escom Rd),Granath, Johan,
ZAPIN,Impro Technologies (Pty) Ltd,Pinetown (Gillitts Rd),Granath, Johan,
ESPIN,PIS Spain,Pinto (Sisones 2 - Nave),Granath, Johan,
USPTS,SDA Sales US,Pittsburgh, PA (48th St),Granath, Johan,
USPLE,record RAD US,Pleasant Hill (Metro E. Drive),Granath, Johan,
ZAPOL,Inhep Electronics Holdings,Polokwane (Cnr Veldspaat St & Kalsiet St),Dix, Pat,
ITEUR,ASSA ABLOY Italia Domestic,Pomezia, RM (Via dei Castelli Romani 12/A),Granath, Johan,
USPOM,Curries,Pomona, CA (Santa Fe St),Granath, Johan,
USBOC,PDS Sales US,Pompano Beach, FL (NW 40th Ct),Granath, Johan,
FIPOR,Certego Finland,Pori (Satakunnantie),Granath, Johan,
ZAPOR,ASSA ABLOY(Pty) Ltd (input entity),Port Elizabeth (Newton Park),Granath, Johan,
USPRT,PDS Sales US,Portland, OR (NE 78th Ct),Granath, Johan,
USPOR,SDA Sales US,Portland, OR (NE Airport Way),Granath, Johan,
PTPOR,PDS Portugal,Porto (Maia) (Travessa Sá e Melo),Granath, Johan,
CZPRU,EAT - CrossMatch Commercial Czech Republic,Prague (Krizikova),Granath, Johan,
CZKAR,EAT - CrossMatch Commercial Czech Republic,Prague (Palac Karlin),Barford, Zak,
CZPRH,Hospitality Czech Republic,Prague (Pocernicka),Granath, Johan,
CZPRG,Corporate HIDG US,Prague (P?edvoje),Granath, Johan,
CZPRE,PDS Sales Czech,Prague (U Blaženky, Smichov),Granath, Johan,
CZPRA,Commercial Hardware CZ/SK,Praha (Boudníkova),Spudich, David,
CZPRS,PDS Sales Czech,Praha (Sezemická),Granath, Johan,
ZAPRE,Inhep Electronics Holdings,Pretoria, Gauteng (Calliandra St),Dix, Pat,
CHPRE,KESO Switzerland,Preverenges (Zone Industrielle Le Tresi),Granath, Johan,
CAPRI,BSI DB NA Vancouver,Prince George, BC,Granath, Johan,
CLSAN,Odis SPA,Pudahuel, Santiago (Avda Tranquilo),Granath, Johan,
CLODI,Odis SPA,Pudahuel, Santiago (Los Vientos),Granath, Johan,
CNSHH,BSI China,Qindao (Shan Dong Rd),Granath, Johan,
CNQIG,IDT - Omni-ID IS and T CN,Qingdao (168 Longhai Road),Barford, Zak,
CNQIN,Shenfei IG Export,Qingtian, Lishui,Granath, Johan,
AUQUE,ASSA ABLOY Door Group Australia Pty Limited,Queanbeyan (Wycombe St),Granath, Johan,
MXQUE,BSI DB NA CS Tamu US,Queretaro (Carretera Queretaro San Luis Potosi),Granath, Johan,
FRQUI,BSI France,Quimper,Granath, Johan,
NLRDV,ASSA ABLOY Nederland Sales,Raamsdonksveer (Meerval),Granath, Johan,
USRLG,BSI DB NA CNC North Carolina,Raleigh (1200 Corporation Parkway),Hernandez, Alfredo,
USVG1,ASSA ABLOY AB,Raleigh (West Morgan St),Rockstedt, Jan,
USRAL,SDA Sales US,Raleigh, NC (Spottswood St),Granath, Johan,
USRAN,SDA Sales US,Rancho Cucamonga, CA,Granath, Johan,
USRCH,PDS Sales US,Rancho Cucamonga, CA (Monro Ct),Pereira, John,
DERAS,HID Global Gmbh Walluf,Rastede (Klein Feldhus),Granath, Johan,
UKREA,Hospitality UK,Reading (Imperial Way),Granath, Johan,
UKRED,EAT - Access Ltd,Reading (Suttons Business Park),O'Neill, John,
CAREG,PDS Canada,Regina, SK (McDonald St),Granath, Johan,
ITVAL,Valli and Valli Italy,Renate, MB (Via Concordia),Granath, Johan,
USREN,Interlock USA, Inc (INTUS),Reno, NV,Granath, Johan,
USRIC,Hospitality US,Richardson, TX (Intl Pkwy),Granath, Johan,
USRMD,SDA Sales US,Richmond, VA (Commerce Rd),Granath, Johan,
CHRIW,KESO Switzerland,Richterswil (Untere Schwandenstr),Granath, Johan,
LVRIG,ASSA ABLOY Baltic,Riga (Apuzes iela),Granath, Johan,
DKRIN,NASSAU Prod Denmark,Ringe (Krogagervej),Granath, Johan,
USRVE,SDA Sales US,Riviera Beach, FL (W 13th St Unit B),Granath, Johan,
USRHT,SDA Sales US,Rochester, NY,Granath, Johan,
USROC,Rockwood Manufacturing,Rockwood,Granath, Johan,
FRROA,record Portes Automatiques France (RPA),Romagnat (rue Enrico FERMI),Granath, Johan,
CHROM,record Switzerland (RTF),Romanel-sur-Morges (ZI du Moulin du Choc D),Granath, Johan,
FRROM,Portafeu Romilly,Romilly sur Andelle (rue des Hautes Rives),Granath, Johan,
ZAROO,Hospitality South-Africa,Roodepoort, Gauteng (Nickel St),Granath, Johan,
ZAJOP,ASSA ABLOY(Pty) Ltd (input entity),Roodepoort, Gauteng (Progress Rd),Granath, Johan,
NZAUC,IDT-Placard Investments Pty Ltd,Rosedale (Apollo Drive),Granath, Johan,
UKROT,PDS GB,Rotherham, South Yorkshire,Granath, Johan,
FIROV,Certego Finland,Rovaniemi (Vierustie),Granath, Johan,
FRROY,record Portes Automatiques France (RPA),Roye (rue de Montdidier),Granath, Johan,
USRUS,PS B&B Roadway and Security Solutions US,Russellville,Phillips, Eric,
CZRYC,AA Rychnov,Rychnov nad Kneznou (Strojnicka 633),Granath, Johan,
USSCR,PDS Sales US,Sacramento, CA (Alder Ave),Pereira, John,
USSAC,LUXER Corporation,Sacramento, CA (Power Inn Rd),Granath, Johan,
FRSAJ,record Elevators Holding France (PACA),Saint Aunes (301 rue de la Gariguette - Ecoparc),Granath, Johan,
FRSAK,record Portes Automatiques France (RPA),Saint Marcel (rue Denis Papin - ZA des Gares),Granath, Johan,
FRSAI,FF France,Saint Quentin Fallavier (Business park Morellon - bâtiment 1),Mogra, Zahir,
FRSAH,ASSA ABLOY France SAS,Saint-Herblain (Centre Hébergment OCEANIS),Moreau, Gilles,
FRSAL,record Portes Automatiques France (RPA),Saint-Nazaire (Base Vie des sous-traintants),Caillat, Michel,
FRTRO,JPM,Sainte Savine (avenue de l'Europe),Granath, Johan,
FRSAV,ASSA ABLOY Security Solutions France,Sainte Savine (Impasse Léon Lecornu),Granath, Johan,
USSAL,Arrow Lock Manufacturing,Salem, VA (Alleghany Dr),Granath, Johan,
FISAL,Certego Finland,Salo (Meriniitynkatu 2),Nuorento, Markus,
USSLC,Sure-Loc Hardware,SALT LAKE CITY (2855 SOUTH 1030 WEST),Rohrbach, Byron,
USSLT,IdenTrust Services, LLC,Salt Lake City, UT (S 1000 W),Barford, Zak,
BRSAL,Papaiz,Salvador - BA,Granath, Johan,
USSAA,SDA Sales US,San Antonio, TX (Macro Dr),Granath, Johan,
ESSFH,Critical Infrastructure Spain,San Fernando de Henares (Avenida Castilla),Basit, Abdul,
ESSAN,Tesa Spain Domestic,San Fernando de Henares (Sierra de Segura),Granath, Johan,
USSAF,August Home,San Francisco, CA (Bryant St),Granath, Johan,
ITSGP,ASSA ABLOY Italia Domestic,San Giovanni in Persiceto, BO (Via Bovaresa),Granath, Johan,
CRSAN,ASSA ABLOY Costa Rica SRL,San Jose (Provincia de San José),Lopez, Jaime,
USSAJ,Corporate HIDG US,San Jose, CA (N First St),Granath, Johan,
ESSMV,Traka Iberia,San Martin de Valdeiglesias (Calle de los Alfareros, 1A),Basit, Abdul,
MXTUL,ASSA ABLOY Mexico,San Mateo Cuautepec (Tultitlan),Lopez, Luis,
ITMTL,ASSA ABLOY Italia Domestic,San Vendemiano, TV,Granath, Johan,
NOSAN,Certego Norway,Sandefjord (Nedre Movei),Granath, Johan,
NOSDS,PDS Norway,Sandnes,Granath, Johan,
USSAN,PDS Sales US,Sandston, VA (Corrugated Rd),Granath, Johan,
SESAN,CERTEGO Sweden,Sandviken (Förr?dsgatan),Granath, Johan,
ESSAC,PIS Spain,Sant Cugat (Francesc Vila),Granath, Johan,
USSFS,Emtek Products,Santa Fee Springs (Carmenita Road),Hsu, Calvin,
PESAN,Yale Peru Import,Santa Genoveva – Lurín,Lopez, Jaime,
BRGRU,HID do Brasil Ltda IAM PACS,Sao Paulo - SP (Av Ermano Marchetti),Saenz, Hulberto,
BRRIO,Hospitality Brazil,Sao Paulo - SP (Av Ermano Marchetti),Granath, Johan,
BRSPL,Hospitality Brazil,Sao Paulo - SP (Av Guido Caloi),Granath, Johan,
BRSPA,Yale LaFonte (Legacy),Sao Paulo - SP (Rua Augusto Ferreira de Moraes),Granath, Johan,
BRVIG,ASSA ABLOY AB,Sao Paulo - SP (Rua Bento Branco de Andrade Filho),Granath, Johan,
FRSAR,record Portes Automatiques France (RPA),Sars et Rosieres, Lille (Rue de l'Epau),Granath, Johan,
DESAU,IDT-LUX-IDent Germany GmbH,Sauerlach (Rudolf-Diesel-Ring),Barford, Zak,
DESCI,record KOS,Schermbeck (Landwehr 101),Mohsen, Arash,
DESCH,record KOS,Schermbeck (Landwehr),Granath, Johan,
NLSCH,Alsta Nassau Netherlands,Scherpenzeel (Glashorst),Granath, Johan,
ATWIE,PDS Austria,Schwechat,Granath, Johan,
USSCO,HID Corporation IAM PACS (HID),Scottsdale, AZ (East Bahia Dr),Granath, Johan,
PTSEG,Jomarliz,Segadaes (Rua do Lameiro No.188),Baqueriza, Marian,
FISEI,Certego Finland,Seinäjoki (Päivölänkatu),Granath, Johan,
SISEN,ASSA ABLOY Slovenia,Sencur (Poslovna cona),Granath, Johan,
KRSEO,ASSA ABLOY Opening Solutions Korea HQ,Seoul (10F Gasan Digital 1-ro),Granath, Johan,
ITIBM,ASSA ABLOY Italia Domestic,Settimo Milanese (Via Darwin),Granath, Johan,
AUSEV,record Seven Hills Australia (RAU),Seven Hills (Prince William Drive),Granath, Johan,
ESSEE,PDS Spain,Sevilla (c/Américo Vespucio),Granath, Johan,
FRSEY,record Portes Automatiques France (RPA),Seysses, Toulouse (Avenue Pierre Semard),Granath, Johan,
MYSHA,record Malaysia (RMY),Shah Alam (Sunway Subang),Wu, Ryan,
CNSGG,Shanghai Factory,Shanghai (Building 1-2, Lane 801, Qiangye Road),Zou, Kimi,
CNSHD,Yale China - non Key Account,Shanghai (Hongjing Road, Minhang District),Granath, Johan,
CNSHC,record Prod China (PVG),Shanghai (Huibin Road),Granath, Johan,
CNCRI,Abloy Critical Infrastructure China,Shanghai (New Jinqiao Road),Granath, Johan,
CNVG1,ASSA ABLOY AB,Shanghai (STH Yanggao RD 5788),Lu(IT), Kevin,
CNXUH,Hospitality China Sales,Shanghai (W Zhongshan Rd),Granath, Johan,
CNSHB,BJ China Division Expense,Shanghai (West Tianshan Rd, Changning District),Granath, Johan,
CNSHW,IDT - Omni-ID Technology CN,Shanghai (West Yan'An Rd),Barford, Zak,
CNSHF,Yale China - non Key Account,Shanghai (Xiang Jing Road, Hua Yang Qiao Town),Granath, Johan,
IESHA,HID Global Ireland Teoranta - Prod (AONTEC),Shannon (Kuehne and Nagel Ireland),Granath, Johan,
CNSAN,ASSA ABLOY Sanhe (Shantou),Shantou (Zhujin Industrial Zone),Granath, Johan,
AESHA,ASSA ABLOY Australia Pty Ltd,Sharjah (M2 Warehouse Facility),Granath, Johan,
USSHA,SDA Lawrence Prod US,Shawnee, KS (Powell Dr),Granath, Johan,
UKSHE,BSI UK Sales,Sheffield (Churchill Way),Granath, Johan,
CNSHE,BSI China,Shenyang (Dadong District, No 22 Pangjiang Road),Granath, Johan,
CNSZF,ASSA ABLOY Security Products Ltd,Shenzhen (Block East, Tian'An Cyber Park),Granath, Johan,
CNGON,Shenzhen Longdian Science Technology Industrial Co. Ltd,Shenzhen (Dongfa Rd),Granath, Johan,
CNSHG,Shenzhen Longdian Science Technology Industrial Co. Ltd,Shenzhen (Nan Tai Yun Chuang Gu Park),Liu, Qiqin,
CNSHZ,PACS - PEAKE,ShenZhen (No 1 QingQing Road),Xu, Cherry,
CNSHP,PACS - PEAKE,Shenzhen (Qinghu Park, Silicon Valley),Granath, Johan,
CNSHN,Shenzhen LifeSafety Power,Shenzhen (TCL Int'l E City),Granath, Johan,
CNSZX,Sargent Manufacturing,Shenzhen (Unit 1503, Tian'An Cyber Park ),Granath, Johan,
UKSOL,Biosite Systems Ltd,Shirley (Lancaster House),Krause, Peter,
USSHR,SDA Sales US,Shreveport, LA (Kansas City Ave),Granath, Johan,
USSIM,SDA Sales US,Simpsonville, SC (Standing Springs Ct),Granath, Johan,
SGSIH,Hospitality Singapore,Singapore (Chang Charn Rd),Granath, Johan,
SGSIA,ASSA ABLOY Singapore Pte Ltd,Singapore (Macpherson Rd),Granath, Johan,
SGSIB,Abloy Singapore,Singapore (Toa Payoh North),Granath, Johan,
SGSIE,PDS Singapore,Singapore (Ubi Ave),Mogra, Zahir,
FRSIX,record Elevators Holding France (PACA),Six fours Les Plages (Chemin des Negadoux),Granath, Johan,
SESKE,BSI HLAD Prod Skellefte?,Skellefte? (Servicegatan),Granath, Johan,
NOSKI,ASSA ABLOY Opening Solutions Norway AS,Ski (Anolitveien),Granath, Johan,
DKSLA,Certego Denmark,Slagelse (Mariendals Allé),Granath, Johan,
USSOM,Rockwood Manufacturing,Somerset, PA (258 Beacon Street),Granath, Johan,
ESSON,Hospitality Spain,Son Ferriol (Delegación Baleares),Dosil, Miguel,
BRSOR,Yale LaFonte (Legacy),Sorocaba (Av. Jerome Case, 2600),Granath, Johan,
BRSOS,Papaiz Sorocaba,Sorocaba(Av. Antonio Bardella, 2650),Barbosa, Danilo,
FRSOT,record Portes Automatiques France (RPA),Sotteville les Rouen (Rue Claude Chappe),Granath, Johan,
USMAI,ASSA ABLOY Door Group,Springfield, MO (3839 E Mustard Way),Granath, Johan,
USSTC,PS Ameristar US,St Charles, MO (Portwest Dr),Granath, Johan,
USSAS,SDA Sales US,St Rose, LA (James Dr W),Granath, Johan,
CAPOR,PDS Canada,St-Laurent, QC (Blvd Thimens),Granath, Johan,
CAMOT,BSI IB NA Dock Products Canada,St-Laurent, QC (Paulus),Granath, Johan,
NOSTG,Certego Norway,Stavanger (Auglendsmyr?),Granath, Johan,
USSTE,ASSA ABLOY Inc,Sterling Forest, NY (Long Meadow Rd),Granath, Johan,
USSTL,SDA Sales US,Sterling Heights, MI (6329 Progress Park Dr),Granath, Johan,
SEARS,Hospitality Sweden,Stockholm (Förmansvägen),Basit, Abdul,
SESHM,HID AAMS - PACS,Stockholm (Förmansvägen),Barford, Zak,
SESTV,ASSA ABLOY Opening Solutions Scandinavian Operations,Stockholm (Förmansvägen),Granath, Johan,
SESHQ,ASSA ABLOY AB,Stockholm (Klarabergsviadukten),Granath, Johan,
UKSOT,NASSAU UK,Stoke-on-Trent (Dewsbury Rd),Granath, Johan,
FRSTR,HID PACS ISLOG,Strasbourg (av. du Gal. de Gaulle),Granath, Johan,
SEBYG,CERTEGO Sweden,Strängnäs (Eldsunda),Granath, Johan,
MYKUB,ASSA ABLOY Opening Solutions Malaysia,Subang Jaya (Wisma Consplant 1),Granath, Johan,
UKSUN,PDS GB,Sunbury on Thames,Granath, Johan,
AUFOR,ASSA ABLOY Door Group Australia Pty Limited,Sunshine Coast, QLD (Sandalwood Ln),Granath, Johan,
FRSUR,Hospitality France,Suresnes (Rez de Jardin RDJ),Paladino, Antonio,
FRSRE,HID GLOBAL SAS,Suresnes (Rue de Verdun),Granath, Johan,
DESUR,FF IDD Jansen PU Germany,Surwold (Am Wattberg 51),Mogra, Zahir,
USSUS,BSI IB NA Carrollton,Sussex, WI (N Corp Cir),Granath, Johan,
CNSUZ,PDS Prod China,Suzhou (Huahong St, SIP, Jiangsu Province),Granath, Johan,
AUVG2,ASSA ABLOY AB,Sydney (Harris Street),Humeur, Michel,
AUMIL,ASSA ABLOY Door Group Australia Pty Limited,Sydney, NSW (Horsley Rd),Granath, Johan,
HUSZE,Seawing,Székesfehérvár,Granath, Johan,
SESOD,CERTEGO Sweden,Södertälje (Nyköpingsvägen),Granath, Johan,
CHTAG,Planet,Tagelswangen (Neustadtstrasse),Granath, Johan,
TWTAA,EAT - CrossMatch Public Taiwan,Taipei (Keeling Rd, 5F-5),Granath, Johan,
TWTAP,ASSA ABLOY Hong Kong Ltd.,Taipei City (Chengde Rd, Datong District),Granath, Johan,
CNTAI,ASSA ABLOY Baodean (Taizhou) Security Technology,Taizhou (Jinqing, Luiqiao),Granath, Johan,
USTAL,PDS Sales US,Tallahasse, FL (West Tharpe St),Granath, Johan,
EETAL,ASSA ABLOY Baltic,Tallinn (Priisle),Granath, Johan,
MYJOH,ASSA ABLOY Opening Solutions Malaysia,Taman Austin Perdana,Granath, Johan,
MXMAL,Maltex S.A. de C.V.,Tamaulipas,Granath, Johan,
MXMTX,Ceco door Products,Tamaulipas,Granath, Johan,
FITAM,Abloy Locks,Tampere (Hatanpään valtatie),Granath, Johan,
FITAP,Certego Finland,Tampere (Viinikankatu),Granath, Johan,
MATAN,Lumar,Tanger (ZI de Moghogha),Baqueriza, Marian,
USKYR,PDS Sales US,Tempe, AZ (E 5th St),Granath, Johan,
NLTER,Alsta Nassau Netherlands,Terheijden (Bredaseweg),Granath, Johan,
MXTIJ,SDA Employees Mexico (ACD),Tijuana, BC (Blvd Diaz Ordaz),Granath, Johan,
MXTJN,Security Metal Products,Tijuana, BC (Prolongacion 'M' Juarez),Granath, Johan,
NZTIM,Pacific Door Systems Limited,Timaru (King St),Granath, Johan,
JPTOO,Hospitality Japan,Tokyo (3F Chitose Bldg),Granath, Johan,
JPVIG,ASSA ABLOY AB,Tokyo (Asashi Computer Building),Lu(IT), Kevin,
JPTOK,ASSA ABLOY Japan,Tokyo (Hamamatsucho Empress Bldg),Granath, Johan,
FITOR,Certego Finland,Tornio (Teollisuuskatu),Granath, Johan,
SETOH,BSI Prod Torslanda Sweden,Torslanda (Hangarvägen),Granath, Johan,
FRTOU,record Elevators Holding France (PACA),Toulouse (1 Rue de l'Auvergne),Granath, Johan,
PTTRA,Mrodrigues,Travasso (Rua do Raso),Baqueriza, Marian,
NOTOS,Certego Norway,Troms? (Troms?ysundveien),Granath, Johan,
NOTRL,Certego Norway,Trondheim (Nardovegen),Granath, Johan,
NOTRO,PDS Norway,Trondheim (Vegamot),Granath, Johan,
USTUC,Automatit,Tucson, AZ (N Oracle Rd),Granath, Johan,
USTUL,PS Ameristar US,Tulsa, OK (2026 N Mingo Rd),Granath, Johan,
FITUR,Abloy Locks,Turku (Ruukinkatu),Granath, Johan,
FITUK,Certego Finland,Turku (Satakunnantie),Granath, Johan,
PLKAT,BSI Poland,Tychy (Ul Browarowa),Granath, Johan,
PLMIK,Mercor Poland,Tychy (Ul Browarowa),Hemelik, Pavel,
INBLR,HID India Private Ltd IAM PACS,Ulsoor, Bangalore (Murphy Rd),Granath, Johan,
SEMEA,CERTEGO Sweden,Ume? (Backenvägen),Granath, Johan,
SEUME,record Sweden (RDS),Ume? (Maskingatan),Granath, Johan,
USUPP,BSI DB NA Diamond US,Upper Sandusky (Commerce Way),Granath, Johan,
SEUPP,CERTEGO Sweden,Uppsala (Fyrislundsgatan),Granath, Johan,
FIVAA,Certego Finland,Vaasa (Yrittäjänkatu 15),Nuorento, Markus,
FRVAL,record Elevators Holding France (PACA),Valbonne (route des Cr?tes),Granath, Johan,
FIESP,BSI Finland,Vantaa (Härkähaankuja 9),Granath, Johan,
FIVAM,Certego Finland,Vantaa (Rajatorpantie),Granath, Johan,
FIVAR,Abloy Locks,Varkaus (Kauppakatu 50),Granath, Johan,
BGVAR,ASSA ABLOY Opening Solutions Bulgaria Trading,Varna (Petko Staynov),Granath, Johan,
CAVDO,ABLOY Canada Inc.,Vaudreuil-Dorion (420 rue Aime-Vincent),Vienneau, Tony,
CAVAU,DSS Canada HDWE,Vaughan, ON (Four Valley Dr),Granath, Johan,
CAVAG,EM Pedestrian Sales Canada,Vaughan, ON (Racco Pkwy),Granath, Johan,
NLDER,IAI Industrial systems B.V.,Veldhoven (De Run),Granath, Johan,
CZVEL,PDS Sales Czech,Velká Dobrá (Lesní),Mrazek, Jaroslav,
USVEN,Pemko Manufacturing,Ventura, CA (Transport St),Granath, Johan,
DKBJO,Certego Denmark,Viby (Lykkesholms Allé),Granath, Johan,
CAVIC,Vigil,Victoria, BC,Stewart, Jeremy,
ATVIE,ASSA ABLOY Austria,Vienna (Hütteldorfer str),Granath, Johan,
FRVIL,Mul-T-Lock France,Villebon sur Yvette (Ave d'Ouessant),Granath, Johan,
FRVIM,record Elevators Holding France (PACA),Villeurbanne (35 rue Jules Guesde),Granath, Johan,
LTVIL,ASSA ABLOY Baltic,Vilnius (Ukmerges St),Granath, Johan,
VNVIN,AA Smart Product Vietnam,Vinh Phuc (Thien Ke Ward),Granath, Johan,
FRVOG,record Portes Automatiques France (RPA),Voglans (ZA rue de la Prairie),Granath, Johan,
SEDAT,CERTEGO Sweden,Väster?s (Kopparbergsvägen),Granath, Johan,
SEVST,CERTEGO Sweden,Väster?s (Pressverksgatan),Granath, Johan,
SEVAS,record Sweden (RDS),Västra Frölunda (Redegatan),Granath, Johan,
SEVXJ,CERTEGO Sweden,Växjö (Smedjegatan),Granath, Johan,
DEFRA,HID Global Gmbh Walluf,Walluf (Am Klingenweg),Granath, Johan,
PLWKA,Donimet Poland,Warka (ul. Gosniewska),Hemelik, Pavel,
PLWAZ,Hospitality Czech Republic,Warsaw (Byslavska 82),Granath, Johan,
PLWAR,Mercor Poland,Warsaw (Ilzecka),Granath, Johan,
PLWRZ,EMEIA Distribution Centre (NL),Warsaw (Ilzecka),Granath, Johan,
PLWAE,PDS Poland,Warsaw (ul. Annopol),Granath, Johan,
PLZIL,BSI Poland,Warszawa (Annopol 24),Mogra, Zahir,
NZWEA,Pacific Door Systems Limited,Wellington (Meachen St),Granath, Johan,
NZPET,ASSA ABLOY New Zealand,Wellington (Petone),Granath, Johan,
BEBRU,ASSA ABLOY Belgium Sales,Wemmel (Heide),Granath, Johan,
DEWEN,BSI Germany Wennigsen,Wennigsen (Gottlieb-Daimler-Str),Granath, Johan,
USBLU,SDA Sales US,West Chester, OH (Trade Center Dr),Granath, Johan,
USWSS,SDA Sales US,West Sacramento, CA (National Dr),Granath, Johan,
USWSV,SDA Sales US,West Valley City, UT (W Great Lakes Dr),Granath, Johan,
DEWIE,Hospitality Germany,Wiesbaden (Ostring),Granath, Johan,
UKWIL,Abloy UK,Willenhall (School St Portobello Works),Granath, Johan,
USWIN,PDS Sales US,Windsor (North Main Street),Granath, Johan,
AUWIN,ASSA ABLOY Australia Pty Ltd,Winnelie, NT,Granath, Johan,
UKWIN,BSI IDE UK,Winnington (Winnington Ave),Granath, Johan,
CAWIN,PDS Canada,Winnipeg, MB (Golspie St),Granath, Johan,
USWST,SDA Sales US,Winston-Salem, NC (165 Carriage Ct),Granath, Johan,
UKLWL,ActivIdentity Ltd,Woking (Duke Street),Granath, Johan,
UKWOK,EMEA Head Office,Woking (Duke Street),Granath, Johan,
UKWOC,ASSA ABLOY UK,Wolverhampton (Cannock Rd),Granath, Johan,
UKWOL,CLCS,Wolverhampton (Hilton Rd),Granath, Johan,
USWOO,record RAD US,Wood Dale (Balm Court),Granath, Johan,
CAASH,ASSA ABLOY Door Group, Inc.,Woodbridge, ON (Ashbridge Circle),Granath, Johan,
USWOP,IDT - InvoTech Systems,Woodland Hills,Lam, Kiet,
DEWUP,record Germany (RTW),Wuppertal (9 Otto-Wels-Str.),Granath, Johan,
CNWUX,FF Prod Metal Products China,Wuxi, Jiangsu Province,Granath, Johan,
CNWHX,FF Door Industry China,Wuxi, Jiangsu Province (Qinghua innovation),Granath, Johan,
CNZHO,Guli IG Export,Xiaolan, Zhongshan (Chrysanthemum Rd E),Granath, Johan,
KRILS,PDS BML South Korea,Yangju-si (Gamaksan-ro),Granath, Johan,
CNYAN,Yantai New Huasheng Industries Co., Ltd.,Yantai, Laishan District, Shandong Province,Granath, Johan,
ILYAV,Mul-T-Lock Technologies,Yavne (Ha Herut St),Granath, Johan,
AUYEN,BSI Monsoon Industries AU,Yennora (Orchardleigh Street),Granath, Johan,
CNDAS,Yingkou Pan Pan,Yingkou, Liaoning Province (Qiangou Village, Shuiyuan),Granath, Johan,
PLKAK,HID Global Gmbh Walluf,Zabierzów (ul. Krakowska),Granath, Johan,
PLKRA,Shared Tech Poland,Zabierzów (ul. Krakowska),Granath, Johan,
PLKRW,EMEA Head Office,Zabierzów (ul. Krakowska),Bäckman, Therese,
HRZAG,ASSA ABLOY Croatia,Zagreb (Strojarska),Granath, Johan,
MXJAZ,SDA Employees Mexico (ACD),Zapopan, Jalisco (Periferico Poniente),Granath, Johan,
MTBUL,HID Malta Limited,Zejtun (Bulebel Industrial Estate),Humeur, Michel,
PTAGU,Marques,Águeda (Zona Industrial da Alagoa),Baqueriza, Marian,
SEREB,CERTEGO Sweden,Örebro (Elementvägen 12),Granath, Johan,
SEORE,BSI Hold Sweden,Örebro (Radiatorvägen 11),Granath, Johan,
