"USLOD","Hackensack NJ (Commerce Way)","Issac Stern","Pete Wheeler"
"CNSHD","Shanghai (Hongjing Road, Minhang Distric","",""
"SESKE","Skellefte� (Servicegatan)","J�rgen Petersson",""
"AUHOP","Melbourne, VIC (Kilmarnock Ct)","Jack Ung","Jason Ngo (inactive)"
"USPHI","Philadelphia, PA (McNulty Rd)","Kyle Anderson","Chris Kirwan"
"AEINV","Dubai (Dubai Investment Pk 1)","Edward Fernandes","Jose Jomon"
"DEWIE","Wiesbaden (Ostring)","Peter Krause","Peter Krause (Inactive)"
"KRDAG","Daegu (Buk-gu)","Andrea Heo","Ryan Wu"
"CACLG","Calgary, AB (52nd Ave SE)","Marcus Menasce","John Pereira"
"SEHAL","Halmstad (R�rkullsv)","Kjell Johansson (inactive)","Peter Krause (Inactive)"
"NOOSL","Oslo (Str�msveien 179)","Tom Olsen","Amela Buhic"
"CHPRE","Preverenges (Zone Industrielle Le Tresi)","Reto Hossmann (inactive)","Gilles Moreau"
"CNJIA","Jiaxing","",""
"UKSOL","Shirley (Lancaster House)","Glen Lashley","Abdul Basit"
"NOKON","Kongsvinger (Kongeveien 86)","Fred Lund (Inactive)","J�rgen S�tre"
"MXMXB","M�xico, DF (Pelicano)","Luis Lopez","Luis Lopez"
"USELM","Elmhurst, IL (Industrial Dr.)","Kyle Anderson","Chris Kirwan"
"CHKLE","Kleinl�tzel (Laufenstr)","","Shkelzen Ziba"
"FRLIM","Limoges (avenue de l'Abattoir)","",""
"PAPAN","Panama (Edificio Brasil 405)","",""
"FIOUL","Oulu (Isokatu)","Antti Eronen (inactive)","Tuomas S�llinen"
"SEGBG","G�teborg (Arendals All�)","Mikael Rehn","Mikael Rehn"
"PELIM","Lima (Av. Roosevelt 6138 Miraflores)","",""
"NGVIC","Lagos (Bishop Oluwole St)","",""
"NLSCH","Scherpenzeel (Glashorst)","",""
"PTPOR","Porto (Maia) (Travessa S� e Melo)","Javier Mu�oz (inactive)","Jose Luis Gonzalez (inactive)"
"BRSOX","Sao Paulo - SP (Av Ermano Marchetti)","",""
"MYPEN","Kulai (Jalan I-Park 1/1)","Alan San (inactive)","Kenny Cheung (inactive)"
"IEGLW","Galway (Wellpark Rd)","",""
"CAABB","Abbotsford, BC (30840 Peardonville Rd)","Melanie Foster","Lawrence Coles"
"USNSH","Nashville, TN (Dickerson Pike)","Marcus Menasce","John Pereira"
"CNSZX","Shenzhen (Unit 1503, Tian'An Cyber Park ","Henry Wai Ming Yip","Brian Ling"
"USMOO","Monroe (Phil Hargett Ct)","Thomas Woody","Chris Kirwan"
"UKBAS","Basingstoke (Maplewood Crockford Ln)","Zak Barford","John Littley"
"ATWIE","Schwechat","Claudio Catanuta","Arash Mohsen"
"ZAPIN","Pinetown (Gillitts Rd)","",""
"FRLEP","Les Pennes Mirabeau (avenue Lamartine - ","",""
"USDSS","New Haven, CT (110 Sargent Dr)","",""
"USWSS","West Sacramento, CA (National Dr)","Jason Gibson","Chris Kirwan"
"SEGAV","G�vle (Apelgatan)","",""
"AUTOW","Garbutt, QLD North","",""
"ESSFH","San Fernando de Henares (Avenida Castill","Jorge Luj�n","Abdul Basit"
"KRDAN","Ansan (Neunggil-ro)","Justin Na (inactive)",""
"PLZIL","Warszawa (Annopol 24)","Pawel Pelka","Jaroslav Mrazek"
"AUEPP","Epping (Scanlon Drive)","Rebecca Brown (inactive)","Karol Recki"
"VNHOI","Ho Chi Minh City (Binh Dong Ward)","",""
"USLEB","Lebanon (Eastgate Blvd)","",""
"USATT","Attleboro, MA (Townsend Rd)","Jason Gibson","Chris Kirwan"
"FIOUU","Oulu (Krouvintie)","",""
"ZADUR","Pinetown (Escom Rd)","Pat Dix","Tony Petterson"
"KRBUC","Gyeonggi-do (Bucheon)","Andrea Heo","Ryan Wu"
"AUCRA","Melbourne, VIC (Gordon St)","Jack Ung","Jason Ngo (inactive)"
"CNSGG","Shanghai (Building 1-2, Lane 801, Qiangy","Luck Tian","Luck Tian"
"CNVG2","Guangzhou (RENMINZHONG COLOCATION CENTER","",""
"BRGRU","Sao Paulo - SP (Av Ermano Marchetti)","Andre Gurian Bellotti",""
"FIESD","Espoo (Kutojantie)","",""
"USHUT","Houston, TX (Brittmoore Park Dr)","Jason Gibson","Chris Kirwan"
"USAUB","Auburn Hills (Pontiac Road)","Thomas Woody","Chris Kirwan"
"RUMOS","Moscow (Obrucheva Street 36)","Vasiliy Galagan (inactive)","Pavel Hemelik"
"HKKOW","Cheung Sha Wan (Excel Centre)","Wanny Wong (inactive)","Kenny Cheung (inactive)"
"USAUB","Auburn Hills (Pontiac Road)","",""
"USPLE","Pleasant Hill (Metro E. Drive)","Thomas Woody","Chris Kirwan"
"ROBUX","Bucharest (Bulevardul Tudor Vladimirescu","",""
"SEFIN","Kista (Finlandsgatan)","",""
"USKEN","Kent, WA (72nd Ave So)","Donald Conner","Brian Brown"
"USFOR","Fort Lauderdale, FL (Corporate Dr)","",""
"SELKP","Link�ping (Vigfastgatan)","","Amela Buhic"
"NLBRN","Barneveld (Marchandweg 23)","Lex Porsius","Antonio Plas (inactive)"
"USBRS","Bristol, PA (Pearl Buck Rd)","Jason Gibson","Chris Kirwan"
"CZKAR","Prague (Palac Karlin)","",""
"UKLIS","Lisburn (Ferguson Dr)","David Gardner","Steven Eagleton"
"DEBIT","Bitterfeld-Wolfen (Guardianstrasse)","",""
"TRISA","Maltese/Istanbul (Altaycesme Mahallesi)","Lutfu Cakil","Jonathan Heranz (inactive)"
"NZWEB","Alicetown (29 Railway Avenue)","",""
"NOMAJ","Oslo (Vitaminveien)","Fredrik Lundh (Inactive)","J�rgen S�tre"
"USCTT","Huntersville (Bryton Corporate Center Dr","Dale Friese","John Pereira"
"NOOTT","Otta (Storgata)","Kjetil Sagdalen (Inactive)","J�rgen S�tre"
"ATGRA","Graz (Waagner-Biro-Str)","",""
"PLWAR","Warsaw (Ilzecka)","Marta Sikora (inactive)","David Spudich"
"VNHOI","Ho Chi Minh City (31 Ta Hien Street)","",""
"EU902","AWS Ireland","",""
"CHRIW","Richterswil (Untere Schwandenstr)","Adrian Guenther (Inactive)","Shkelzen Ziba"
"USCHW","Chatsworth, CA (Gazette Ave)","Jason Gibson","Chris Kirwan"
"VNVIN","Vinh Phuc (Thien Ke Ward)","Giap Nguyen","Hung Dinh"
"CNQIG","Qingdao (168 Longhai Road)","",""
"SESAN","Sandviken (F�rr�dsgatan)","","Amela Buhic"
"NLAME","Amersfoort (Spaceshuttle)","Jeff van der Vlugt","Wim van Baast"
"USSLT","Salt Lake City, UT (S 1000 W)","",""
"USCHD","Chandler, AZ (Delaware St)","",""
"DEWUP","Wuppertal (9 Otto-Wels-Str.)","Ulrich Kraus","Bj�rn Gmeiner"
"TZDAR","Dar-es-Salaam","",""
"FRMAR","Marseille (93 boulevard Henri BARNIER)","Jean-Yves Rougeck","Romuald Texier (inactive)"
"AUADE","Kilkenny, SA (Torrens Rd)","Stephen Truban (inactive)","Robert Watt"
"ITEUR","Pomezia, RM (Via dei Castelli Romani 12/","Ivan Busi","Marco Ruscelloni"
"USLAW","Lawrenceville, GA (N Brown Rd)","Don Hurley (inactive)","John Pereira"
"USDLS","Dallas, TX (Shady Trail)","Jason Gibson","Chris Kirwan"
"CNDAS","Yingkou, Liaoning Province (Qiangou Vill","Hui Li","Simon Xi (inactive)"
"FRTRO","Sainte Savine (avenue de l'Europe)","Xavier Guillaume","Ludovic Nomblot"
"USMAS","Mason City, IA (12th St NW)","Justin Lynch","Brian Brown"
"CNCHB","Changshu (133 Huangpu River Road)","Nicole Chen","Tim Dang"
"NLTER","Terheijden (Bredaseweg)","Ren� Kraaijvanger (inactive)","Jan Heidsma (Inactive)"
"DEWEN","Wennigsen (Gottlieb-Daimler-Str)","Ralf Weskamp","J�rg Bremer"
"CAPRI","Prince George, BC","Marcus Menasce","John Pereira"
"AUBRS","Brisbane, QLD (35 Propreitary St, Tingal","Damien McAuley (inactive)","Jason Ngo (inactive)"
"INBAN","Bangalore (Sarjapur Road)","Kevin Lu(IT)","Michel Humeur"
"ZANAB","East London (Smarrt Rd)","",""
"FRSAK","Saint Marcel (rue Denis Papin - ZA des G","",""
"AUCAM","Camberwell, VIC (Toorak Rd)","",""
"USRCH","Rancho Cucamonga, CA (Monro Ct)","",""
"FIHEL","Helsinki (Mikonkatu)","",""
"SEKST","Kristianstad (Isolatorv�gen)","",""
"MATAN","Tanger (ZI de Moghogha)","",""
"USVEN","Ventura, CA (Transport St)","Ken Gums","Ken Gums"
"USELR","Elkridge, MD (Dorsey Run Rd)","Jason Gibson","Chris Kirwan"
"BELIE","Liedekerke (Denderstraat)","Bjorn De Maeseneer","Bjorn De Maeseneer"
"CNSZF","Shenzhen (Block East, Tian'An Cyber Park","",""
"CNKUN","Changshu (133 Huangpu River Road)","Tim Dang","Tim Dang"
"MXMAL","Tamaulipas","",""
"AUMAR","Marleston, SA (South Rd)","Brad Rainsford (inactive)",""
"USMEQ","Mequon, WI (W Eastwood Ct)","Man Lee","Chris Kirwan"
"USVG2","Brecksville (West Snowville Rd)","",""
"ZAGMT","Johannesburg, Gauteng  (Sunrock Close)","",""
"BRSOR","Sorocaba (Av. Jerome Case, 2600)","Larissa Ramos","Danilo Barbosa"
"CAABW","Abbotsford, BC (Queen St)","Melanie Foster","Lawrence Coles"
"AP003","Azure Australia East","",""
"FISAL","Salo (Meriniitynkatu 2)","",""
"USSUS","Sussex, WI (N Corp Cir)","Man Lee","Chris Kirwan"
"UKCAN","Cannock (Progress Dr)","John O'Toole","David Gardner"
"USMIL","Milan, TN (Telecom Dr)","Brent Weeks","Brian Brown"
"USMOE","Monroe, NC (1900 Airport Rd)","Marcus Menasce","John Pereira"
"USBRM","Birmingham, AL (Industrial Ln)","Jason Gibson","Chris Kirwan"
"USWOO","Wood Dale (Balm Court)","Thomas Woody","Chris Kirwan"
"SELAN","Landskrona (Lodjursgatan 10)","J�rgen Petersson",""
"BRVIG","Sao Paulo - SP (Rua Bento Branco de Andr","",""
"AUBRI","Coopers Plains, QLD","Simon Forrester","Luck Tian"
"USNEW","New Haven, CT (110 Sargent Dr)","Pete Wheeler","Brian Dunnuck"
"USSTE","Sterling Forest, NY (Long Meadow Rd)","","Pete Wheeler"
"CNBEA","Beijing (Chaoyang District, MCC Tower, 2","Demon Zhang","Simon Xi (inactive)"
"NZSYB","Christchurch (Hawdon St)","Stephen Truban (inactive)","Stefan.J de Waal"
"GHACC","Accra (806 HP Nyemetei Street)","",""
"DEMAH","Mahlberg (Carl-Benz-Str.)","Matthias Burg","Sergej G�nter"
"DESCH","Schermbeck (Landwehr)","Oliver Pitscher (inactive)","Zahir Mogra"
"AUHOR","Dandenong South, VIC (Kitchen Rd)","Emanuel Pongratz",""
"ESIRA","Irun, Guip�zcoa (Barrio de Ventas)","Gustavo Yenes","Jose Luis Cristobal"
"FRNAR","NARBONNE (1 rue Gustave Eiffel)","Fabien Fraissenet","Arash Mohsen"
"USELO","El Paso, TX (Lomaland Dr)","Pablo Castaneda","Salvador Santos"
"MYJOH","Taman Austin Perdana","Alan San (inactive)","Kenny Cheung (inactive)"
"CNCHE","Foshan (Lianzhong Rd)","Snowy Xia","Ryan Wu"
"USMAI","Springfield, MO (3839 E Mustard Way)","",""
"USMRD","Meridian, ID ( S. Teare Ave)","Jason Gibson","Chris Kirwan"
"CAMON","Montreal (Trans Canada)","Sunny Dhami","Tony Vienneau"
"USLIV","Livonia, MI (Schoolcraft Rd)","Marcus Menasce","John Pereira"
"DEDUS","GSSC Data center Europe Secondary","Michel Humeur","Jens Lindahl"
"USOCP","Chandler (2335 South Ellis Street)","",""
"DEALB","Albstadt (Bildstockstra�e)","Dejan Stojanovic","Christian Kupfer"
"USELP","El Paso, TX (Common Dr)","Jason Gibson","Chris Kirwan"
"SEJAR","J�rf�lla (Datav�gen)","Jyrki Parviainen","Amela Buhic"
"CNSHE","Shenyang (Dadong District, No 22 Pangjia","Eileen Yu","Ryan Wu"
"INDEL","Gurgaon, Haryana (DLF Cyber Terraces)","Hemen Sanghavi","Kenny Cheung (inactive)"
"CZHAS","Ostrava - Poruba","Pavel Hemelik","Kamil Matejka"
"FRSAR","Sars et Rosieres, Lille (Rue de l'Epau)","",""
"EU001","Azure North Europe","",""
"SESHL","H�gersten (V�stberga all�)","","Amela Buhic"
"KRILS","Yangju-si (Gamaksan-ro)","Gilmo Jung","myounghoon kim"
"AUBAY","Melbourne, VIC (Brunsdon St)","Jack Ung","Jason Ngo (inactive)"
"LULUX","Luxembourg","Helene Str�m","Boris Henry"
"PHANG","Angeles City (Angeles City)","Robert Watt","Stephen Truban (inactive)"
"ZAPRE","Pretoria, Gauteng (Calliandra St)","",""
"PTSEG","Segadaes (Rua do Lameiro No.188)","",""
"CNZHA","Beijing (Tongzhou District)","",""
"USALB","Albuquerque, NM (Osuna NE)","Jennifer Sommers",""
"NLATT","Amsterdam (Johan Huizingalaan)","Michel Humeur","Jens Lindahl"
"USHRR","Harrisburg, NC (Harrisburg Industrial Pa","Tykeytra Carr (inactive)",""
"NOSKI","Ski (Anolitveien)","Ole Aleksander Veidahl","Asbjorn Alveberg"
"SGSIA","Singapore (Macpherson Rd)","Tiffany Chu (inactive)","Patrick Ng"
"FRSAJ","Saint Aunes (301 rue de la Gariguette - ","",""
"MXLEO","Leon, Gto (Blvd Adolfo Lopez Mateos)","Luis Lopez","Luis Lopez"
"ZABES","Brackenfell (Patrys Crescent)","",""
"USMCA","McAllen, TX","Jason Gibson","Chris Kirwan"
"USAUA","Austell, GA (Riverside Parkway)","Nancy Skinner","Brian Brown"
"ZACPT","Cape Town (Gold St)","",""
"CLODI","Pudahuel, Santiago (Los Vientos)","Erich Nu�ez","Ariel Musumeci"
"RUDOM","Domodedovsky district(st. Station, 14)","",""
"FRBRO","Bron (all�e des tulipiers)","Olivier VIDAL","Gilles Moreau"
"MYKUP","Kuala Lumpur(Unit 8-5, Oval Damansara)","",""
"DEHAL","Hallbergmoos (Am S�ldnermoos)","Klaus Trostl","Ralf Weskamp"
"FIMIK","Mikkeli (Karikontie)","",""
"DKHEA","Ballerup (Borupvang 5 D)","Adam Andersen","Jonas Aarne"
"USMNS","Manassas, VA (Harry J Parrish Blvd)","Jason Gibson","Chris Kirwan"
"FRSEY","Seysses, Toulouse (Avenue Pierre Semard)","",""
"NZCHR","Christchurch (114 Wigram Rd)","",""
"USMIN","Eden Prairie, MN (Fargo)","Jorge Cuellar (inactive)","Pete Carter"
"USWST","Winston-Salem, NC (165 Carriage Ct)","Jason Gibson","Chris Kirwan"
"NOHAM","Hamar (Midtstranda)","Kristian Schorcht","J�rgen S�tre"
"INJAM","Gujarat (Road No 6, Phase 3)","",""
"TRIST","Istanbul (Atasehir)","Lutfu Cakil","Jonathan Heranz (inactive)"
"USKNS","Kenosha (13850 101ST Street)","",""
"COBUC","Bucaramanga (Parque Industrial Provincia","Edgar Mu�oz","Jaime Lopez"
"FRSAL","Saint-Nazaire (Base Vie des sous-trainta","Stephane Wilms","Michel Caillat"
"USSIM","Simpsonville, SC (Standing Springs Ct)","Jason Gibson","Chris Kirwan"
"NOHAU","Haugesund (Karmsundgata)","Kjetil Saltveit","J�rgen S�tre"
"USFRN","Fresno (5494 E Lamona Ave)","Marcus Menasce","John Pereira"
"CNCHN","Chongqing (Hongjing Rd)","Guyu He","Ryan Wu"
"USMMP","Memphis, TN (Shelby Oaks Dr)","Jason Gibson","Chris Kirwan"
"MXANI","Guadalajara, Jalisco (Av. Periferico Sur","Oscar Rivera","Victor Mendoza"
"VNHCM","Ho Chi Minh City (Road #11)","Andrea Heo","Ryan Wu"
"CAMIE","Mississauga, ON (Sladeview)","Marcus Menasce","John Pereira"
"UKDUR","Bowburn, County Durham","Alex Collins","Garrie Bridle (Inactive)"
"UKOLN","Olney (30 Stilebrook Rd)","Zack Goodger","Adam Atherton"
"CNCRI","Shanghai (New Jinqiao Road)","",""
"USBET","Bethlehem (6343 Winside Drive)","",""
"AUYEN","Yennora (Orchardleigh Street)","Stephen Truban (inactive)","Frank Zhang"
"USDC1","GSSC Data center North America Primary","",""
"CATOR","Mississauga, ON (Pacific Circle)","Jason Gibson","Chris Kirwan"
"PTLEC","Leca da Palmeira (Rua Hintze Ribeiro)","JOSE HOLZER (Inactive)","Jose Luis Cristobal"
"NLMAA","Maastricht (Horsterweg)","Peter Krause","Abdul Basit"
"MXTUL","San Mateo Cuautepec (Tultitlan)","",""
"FRVAL","Valbonne (route des Cr�tes)","",""
"ITIBM","Settimo Milanese (Via Darwin)","Marco Ruscelloni","Ivan Busi"
"SEVST","V�ster�s (Pressverksgatan)","",""
"BEHER","Herentals (Traka Belux)","",""
"KRANY","An-yang (Simin-daero 361)","Andrea Heo","Ryan Wu"
"CZPRS","Praha (Sezemick�)","",""
"USNWB","New Berlin, WI (S Emmer Dr)","Jason Gibson","Chris Kirwan"
"ZANEL","Nelspruit (22 Rapid St)","",""
"USNJW","Hackensack, NJ (Commerce Way)","Issac Stern","Pete Wheeler"
"USGRE","Greenville, SC (Perimeter Rd)","Marcus Menasce","John Pereira"
"USPEH","Peachtree City, GA (Gardner Park)","Melanie Foster","Lawrence Coles"
"USLIB","Libertyville, IL (E Park Ave)","Onur Cam","Don Riney"
"NOMJO","Mj�ndalen (Strandveien)","Eva Margrethe Mathisen","Amela Buhic"
"UKCAR","Cardiff (Cae Gwyrdd)","Lisa Bartlett","Artur Guscio (inactive)"
"DESCI","Schermbeck (Landwehr 101)","",""
"FRAUB","Aubagne, Marseille (Traverse de la Batis","",""
"USWOR","Auburn, MA (A St)","Marcus Menasce","John Pereira"
"PLWAZ","Warsaw (Byslavska 82)","Robert Laskus","Abdul Basit"
"CRALA","Alajuela (Parque log�stico LATAM, Sobre ","",""
"AUDRY","Adelaide, SA (High St)","Jack Ung","Jason Ngo (inactive)"
"TWTOW","Hukou Township (l� No.11 Guangfu Rd)","",""
"CNYAN","Yantai, Laishan District, Shandong Provi","Demon Zhang","Simon Xi (inactive)"
"ESBAH","Barcelona (Cornell� de Llobregat)","Laura Moreno","Jose Salvador"
"UKSOT","Stoke-on-Trent (Dewsbury Rd)","Matthew Glennie","Arash Mohsen"
"SEMEA","Ume� (Backenv�gen)","",""
"SEBYG","Str�ngn�s (Eldsunda)","Gerhard Sahlberg",""
"AUBRJ","Brisbane, QLD (20 Wharf St)","Arash Mohsen","Zahir Mogra"
"TRTUZ","Istanbul (Tuzla)","Lutfu Cakil","Jonathan Heranz (inactive)"
"AULAN","Landsdale (Christable Way)","",""
"FRSRE","Suresnes (Rue de Verdun)","Yannick Bernard","Gobuchandhar Rangasamy (inactive)"
"UKDEW","Dewsbury (Shaw Cross Court)","Paul Campbell","Patrick Duckles"
"NLBER","Berkel�en�Rodenrijs (Leeuwenhoekstraat)","Eric van der Hoef (inactive)","Petra Kreft"
"INFAR","Faridabad (Mathura Road, SSR Corp Park)","",""
"THBAG","Bangkok (New Petchburi Rd)","Wichai Praserr","Kimi Zou"
"KRHWS","Hwa-seong (Jeamgoju-ro)","Andrea Heo","Ryan Wu"
"DKHOB","Hobro (Lupinvej)","Kim Nielsen",""
"ZAIDS","Alberton (Cnr Voortrekker & Ring Road Ea","Pat Dix","Pat Dix"
"AUVG1","Macquarie Park (4 Eden Park DR)","",""
"FRSOT","Sotteville les Rouen (Rue Claude Chappe)","",""
"SEKAS","Karlstad (Ramgatan)","","Amela Buhic"
"MXJAZ","Zapopan, Jalisco (Periferico Poniente)","Jason Gibson","Chris Kirwan"
"PLKAK","Zabierz�w (ul. Krakowska)","Pawel Poszeluzny (inactive)","Michael Laubach (inactive)"
"SEGOT","G�teborg (Hamneviksv�gen 100)","Mikael Rehn","Mikael Rehn"
"NLEDE","Ede","Ren� Kraaijvanger (inactive)","Jelle Hoekstra (inactive)"
"CAMIA","Mississauga, ON (Trinity Dr)","Man Lee","Chris Kirwan"
"USLOU","Louisville, TN (Hillside Drive)","Marcus Menasce","John Pereira"
"USKNT","Kent, WA (76th Ave So)","Jason Gibson","Chris Kirwan"
"USWSV","West Valley City, UT (W Great Lakes Dr)","Jason Gibson","Chris Kirwan"
"SGSIH","Singapore (Chang Charn Rd)","Yusri Chomel","Kimi Zou"
"ESSMV","San Martin de Valdeiglesias (Calle de lo","Luis David �lvarez Corral","Zack Goodger"
"USBRO","Brooklyn Heights, OH (Resource Dr)","Jason Gibson","Chris Kirwan"
"FIALA","Alaj�rvi (Kauppakatu)","",""
"USKNO","Knoxville, TN (Middlebrook Pike)","Marcus Menasce","John Pereira"
"CNWHX","Wuxi, Jiangsu Province (Qinghua innovati","Tiamo Tao","Ryan Wu"
"FRNOR","Norroy Le Veneur (rue de la Fontaine Cha","",""
"UKTHE","Theale (Station Rd)","",""
"PLGDA","Gdansk (ul Arkonska)","Pawel Wasielewski (Inactive)","David Spudich"
"FRALT","Altorf (rue Guynemer)","",""
"USREN","Reno, NV","Tyler Garcia","George Baker"
"AUHEN","Hendon, SA (25 Circuit Court)","Stephen Truban (inactive)","Frank Zhang"
"PTAGU","�gueda (Zona Industrial da Alagoa)","",""
"MXMEX","Ciudad de Mexico, DF (Col del Valle)","",""
"DKBJO","Viby (Lykkesholms All�)","",""
"USNRC","Norcross, GA (Corners Ind Ct)","Jason Gibson","Chris Kirwan"
"AUOAK","Oakleigh, VIC (Huntingdale Rd)","Jason Ngo (inactive)","Les Wallace"
"NOLIL","Lillehammer (Korgvegen)","Kjetil Sagdalen (Inactive)","J�rgen S�tre"
"CNSHZ","ShenZhen (No 1 QingQing Road)","",""
"NOROL","Fredrikstad (Stabburveie)","Jan Grimsrud","J�rgen S�tre"
"USNCH","North Charleston (7611 Sandlapper Parkwa","Marcus Menasce","John Pereira"
"CAMII","Mississauga (Ridgeway Drive)","",""
"CALON","London, ON (Sovereign Rd)","Man Lee","Chris Kirwan"
"USJAC","Jacksonville, FL (Bayberry Rd)","Jason Gibson","Chris Kirwan"
"COMED","Medellin (Edificio Las Colinas del Pobla","",""
"CZOST","Kostelec (Ostrov u Stribra 11)","Jan �ebesta","Oliver Krueger"
"MYSHA","Shah Alam (Sunway Subang)","",""
"FITUR","Turku (Ruukinkatu)","Maiju Laukkanen","Antti Eronen (inactive)"
"SEEBO","Gothenburg (Olof Asklundsgata)","",""
"NLBLA","Bladel (t' Rootven)","Rene van den Biggelaar","Rudy Brookman"
"USAHG","Norcross, GA (Medlock Bridge Road)","Melissa Jerkins","Melissa Jerkins"
"BRDIA","Diadema - SP","David Borloni","Danilo Barbosa"
"IESHA","Shannon (Kuehne and Nagel Ireland)","Gerard Melvin","Gobuchandhar Rangasamy (inactive)"
"CNQIN","Qingtian, Lishui","Hu Zhou","Simon Xi (inactive)"
"USASH","Asheville, NC (Patton Ave)","",""
"FRLEV","Levallois-Perret, Paris (rue Jacques Ibe","",""
"USABY","Albany, NY (Albany St)","Jason Gibson","Chris Kirwan"
"USCEL","Columbia, SC (Cort Rd)","Jason Gibson","Chris Kirwan"
"MXAGA","Aguascalientes","Jason Gibson","Chris Kirwan"
"PLDOB","Dobrzen Wielki (Namyslowska)","Micha? Wielgosz","David Spudich"
"NLDRI","Driebergen (Odijkerweg)","Peter Krause",""
"SEMOL","M�lnlycke (�karev�gen 1 )","Jonas Aarne","Mikael Rehn"
"FRBRU","Brumath (Rue des Carri�res)","Dejan Stojanovic","Christian Kupfer"
"NOHAR","Harstad (�smyrveien 3)","Bj�rn H�kon Aune","J�rgen S�tre"
"CAEDW","Edmonton, AB (106 Ave)","Marcus Menasce","John Pereira"
"DEELG","Schauenburg Elgershausen (Hilschen)","Jeffrey Bleeker","Arash Mohsen"
"AM001","Azure US East","",""
"ATVIE","Vienna (H�tteldorfer str)","Christian Kupfer","Frank Henning"
"DEJEN","Jena (Unstrutweg)","",""
"ZABRO","Broadacres (Cedar & Gateside Ave)","",""
"CNGON","Shenzhen (Dongfa Rd)","Kang Xie","Simon Xi (inactive)"
"COCAR","Cartegena (Via Mamonal)","Edicson Villanueva","Jaime Lopez"
"HKIDC","Hong Kong (399 Chai Wan Rd)","",""
"NOGJO","Gj�vik (Kallerudsvingen)","Tommy Kildal","J�rgen S�tre"
"USATN","Austin, TX (Todd Ln)","Jason Gibson","Chris Kirwan"
"CNIDC","GSSC Data center China Mainland Primary","Kevin Lu(IT)","Michel Humeur"
"USBAX","Baxter, MN (Design Road)","Marc Stroot","Brian Brown"
"AM005","Azure US South Central","",""
"CHROM","Romanel-sur-Morges (ZI du Moulin du Choc","Adam Liljerum","Arash Mohsen"
"MXMTX","Tamaulipas","Ursula VanDyke","Brian Brown"
"AUAUB","Auburn, NSW (Percy St)","Jason Ngo (inactive)","Les Wallace"
"USORD","Orlando, FL (Creek RD)","Marcus Menasce","John Pereira"
"ROHUN","Hunedoara (Parcul Industrial D.J.)","Mihai Stef","Ralf Weskamp"
"USKYR","Tempe, AZ (E 5th St)","Marcus Menasce","John Pereira"
"ZAPOE","Port Elizabeth (Saunton Rd)","",""
"USIRD","Irwindale, CA (12801)","Byron Rohrbach","Angelo Reyes"
"DEEFT","Erfurt (Am Urbicher Kreuz 28)","",""
"MYKUB","Subang Jaya (Wisma Consplant 1)","",""
"SEKOP","K�ping (Sveav�gen)","","Amela Buhic"
"ATNIE","Niederwaldkirchen (Drautendorf)","Claudio Catanuta","Dietmar Rabeder"
"PTAGQ","Agueda (Vale do Salgueir� 817)","",""
"CNTAI","Taizhou (Jinqing, Luiqiao)","Zaijiang Ye (inactive)","Simon Xi (inactive)"
"INMUE","Mumbai MAHARASHTRA (GOREGAON EAST)","Hemen Sanghavi","Kenny Cheung (inactive)"
"FILAP","Lappeenranta (Myllym�enkatu 25)","",""
"FRGRE","Grentheville (rue des Fr�res Chappes)","",""
"KENAI","Nairobi (Dunga Close)","",""
"SEORE","�rebro (Radiatorv�gen 11)","Amela Buhic","Amela Buhic"
"USLOB","Long Beach, CA (Mira Mar Ave)","",""
"DEFRA","Walluf (Am Klingenweg)","Michael Laubach (Inactive)","Susanne Knapp (Inactive)"
"AUCOO","Coolaroo (Maffra Street)","Stephen Truban (inactive)","Frank Zhang"
"ESBAS","Barcelona (Rubi)","Javier Mu�oz (inactive)","Jose Luis Gonzalez (inactive)"
"PLMIK","Tychy (Ul Browarowa)","Pavel Hemelik","Kamil Matejka"
"UKBRM","Alvechurch (Bordesley Hall)","",""
"NGLAG","Lagos (Akanni Doherty St)","",""
"NOKRI","Kristiansand (Fisk�veien)","Kjetil Ring�en (Inactive)","J�rgen S�tre"
"CAABF","Abbotsford, BC (2368 Peardonville Rd)","Melanie Foster","Lawrence Coles"
"ESPIN","Pinto (Sisones 2 - Nave)","Federico Sormani (inactive)","Francisco Javier Gascon"
"USRLG","Raleigh, NC (Thornton Rd)","Marcus Menasce","John Pereira"
"CNKUN","Kunshan, Jiangsu Province (Huang Pu Jian","Tim Dang","Tim Dang"
"FRXXX","Lieusaint (avenue Marguerite Perey)","Patrice Larribe","Bruno Bigot"
"FRLAC","La Ciotat (180 Voie Ariane)","",""
"UKLOU","Loughborough (Suite A)","",""
"ESPIN","Pinto (Sisones 2 - Nave)","",""
"INJAM","Gujarat (Road No 6, Phase 3)","",""
"USVG1","Raleigh (West Morgan St)","",""
"SEMLM","Malm� (H�jdrodergatan)","",""
"UKFAR","Farnborough (Invincible Road)","Paul Campbell","Patrick Duckles"
"FRVOG","Voglans (ZA rue de la Prairie)","Michel Caillat","Michel Caillat"
"FRSAH","Saint-Herblain (Centre H�bergment OCEANI","Ludovic Nomblot","Xavier Guillaume"
"FIRAH","Joensuu (Rahtikatu)","Tuomas S�llinen","Ari Ronkainen"
"FITOR","Tornio (Teollisuuskatu)","",""
"PTAMA","Lisboa","Gustavo Yenes","Gustavo Yenes"
"MXMTY","Monterrey (Jose Lopez Portillo)","Jason Gibson","Chris Kirwan"
"USDAL","Dallas (Manufacturing Street)","Marcus Menasce","John Pereira"
"DELIP","Lippstadt (Am Mondschein)","","Oliver Krueger"
"USRIC","Richardson, TX (Intl Pkwy)","Jeremy Stewart",""
"USRUS","Russellville","",""
"FITAM","Tampere (Hatanp��n valtatie)","Antti Eronen (inactive)","Ari Ronkainen"
"USWAS","Kent, WA (76th Ave So)","Marcus Menasce","John Pereira"
"USMOW","Monroe, NC (N Secrest Ave)","JD Guitard","Henry Hazzard"
"HKSAT","Hong Kong (Yuen Shun Circuit, Sha Tin)","Amanda Fung","Ryan Wu"
"AUVIC","Bayswater (London Dr)","",""
"DEHBG","Hamburg (Niederlassung)","Christian Kupfer","Christian Kupfer"
"UKHEM","Hemel Hempstead (Maxted Park)","Paul Campbell","Patrick Duckles"
"SENYM","M�rsta (S�derbyv�gen)","",""
"BENIU","Nieuwpoort (Canadalaan)","Koen Temmerman","William De Cat (Inactive)"
"LTVIL","Vilnius (Ukmerges St)","Erki Zahvatkin","Andrius Juodvalkis"
"USONT","Ontario, CA (Concours St)","Ted Simko","Brian Brown"
"ESIRV","Irun, Guip�zcoa (Barrio de Ventas)","Gustavo Yenes","Jose Luis Cristobal"
"SESOL","V�ster�s (Sinterv�gen)","",""
"PLWKA","Warka (ul. Gosniewska)","Pawel Wasielewski","David Spudich"
"CZRYC","Rychnov nad Kneznou (Strojnicka 633)","Pavel Hemelik","Kamil Matejka"
"USOAK","Oak Brook, IL (Commerce Dr)","Edward Girard","Edward Girard"
"NOMOS","Ski (Anolitveien)","Erik Gipling Karlsen (Inactive)","Peter Krause"
"FIESO","Espoo (Tiet�j�ntie)","Markus Nuorento","Jari Koskinen"
"ITMTL","San Vendemiano, TV","Marco Ruscelloni","Marco Ruscelloni"
"DEHAM","Hamburg (Brandst�cken)","Ralf Weskamp","Olaf K�hler"
"LVRIG","Riga (Apuzes iela)","Erki Zahvatkin","Marcis Mazais"
"VNHOC","Ho Chi Minh City (Mac Dinh Chi St)","Tung Le","ThuTrang Nguyen"
"NZAUC","Rosedale (Apollo Drive)","",""
"ZASAM","Johannesburg, Gauteng (Landmarks Ave)","",""
"FRDUS","Duni�res (Rue de L�Industrie)","Jacques CHAPOT (Inactive)","Denis Roche"
"GTGUA","Guatemala city (Euro Plaza Business Cent","",""
"TWTAP","Taipei City (Chengde Rd, Datong District","Emma Lin","Kenny Cheung (inactive)"
"SEMOT","Motala (Marsgatan)","",""
"USRAL","Raleigh, NC (Spottswood St)","Jason Gibson","Chris Kirwan"
"MXEST","Benito Juarez (Calle Providencia)","",""
"PLKRW","Zabierz�w (ul. Krakowska)","",""
"BRRIO","Sao Paulo - SP (Av Ermano Marchetti)","",""
"PTTRA","Travasso (Rua do Raso)","",""
"FIPOR","Pori (Satakunnantie)","",""
"ILYAV","Yavne (Ha Herut St)","Yossi Einav","Moti Katz"
"UKVIG","London (Goswell St)","",""
"FRCRE","CREMIEU (ZI Les Tribouli�res)","",""
"DESUR","Surwold (Am Wattberg 51)","Ralf Nee","Jeffrey Bleeker"
"SENOR","Norrk�ping (Hospitalsgatan)","Kjell Johansson (inactive)","Peter Krause (Inactive)"
"FROUS","Oust Marest","Sebastien Trincal","Xavier Guillaume"
"UKROT","Rotherham, South Yorkshire","Graham Willans","Alex Collins"
"USPEA","Peachtree City, GA (Dividend Dr)","Marcus Menasce","John Pereira"
"CALAS","L�Assomption","",""
"SESTV","Stockholm (F�rmansv�gen)","Felix Forsman","Mikael Rehn"
"CNXUH","Shanghai (W Zhongshan Rd)","Kimi Zou","Kimi Zou"
"AUEAG","Brisbane, QLD (Fison Av)","Jack Ung","Jason Ngo (inactive)"
"KRDAW","Dalseo-gu (37, Seongseo-ro)","",""
"USIRV","Irvine, CA (Barranca Pkwy)","Jeff Carpenter",""
"UKFAA","Farnham (The Enterprise Centre)","",""
"KRSIH","Jeongwang-dong","Gilmo Jung","myounghoon kim"
"CNSAN","Shantou (Zhujin Industrial Zone)","",""
"USPTS","Pittsburgh, PA (48th St)","Jason Gibson","Chris Kirwan"
"INNAW","Navi Mumbai (Shelton Sapphire Tower)","",""
"HKVIG","Hong kong (Mega iAdvantage)","Kevin Lu(IT)","Michel Humeur"
"CACAL","Calgary, AB (52nd Ave SE)","",""
"USCTE","Charlotte, NC (Hutchison-McDonald Rd)","Jason Gibson","Chris Kirwan"
"USMON","Monroe, NC (1902 Airport Rd)","Henry Hazzard","Henry Hazzard"
"USSAJ","San Jose, CA (N First St)","",""
"FRCOU","Courbevoie Cedex","Antonio Paladino","Peter Krause"
"ATSIE","Sierning (Bad Haller-Strasse)","Claudio Catanuta","Karl Raffetseder (inactive)"
"FREGU","Eguilles (chemin des Vallades)","Jean-Yves Rougeck","Romuald Texier (inactive)"
"USCOL","Columbia, MD (Berger Rd)","Michelle Cush","John Pereira"
"USKER","Kernersville, NC (NC Hwy 66 S)","Marcus Menasce","John Pereira"
"ITBRE","Offlaga (Via Caduti di Nassirya)","Claudio Sozzi","Silvia Iora"
"USMAN","Mansfield, MA (Maple St)","Kyle Anderson","Chris Kirwan"
"UKLIT","Littleborough (James Hill St)","",""
"USKEW","Kewanee, IL (W First St)","Anita Cecil","Justin Lynch"
"FRSEY","Seysses, Toulouse (Avenue Pierre Semard)","",""
"USSHA","Shawnee, KS (Powell Dr)","Rodney Woodson","Chris Kirwan"
"AUCHE","Melbourne, VIC (Tulip St)","Jack Ung","Jason Ngo (inactive)"
"MXMXN","M�xico, DF (Pelicano)","",""
"INGRN","Gurgaon, Haryana (Anath Rd)","Robin Tyagi","Shaho Sadeghi (inactive)"
"HRZAG","Zagreb (Strojarska)","Pavel Hemelik","Kamil Matejka"
"FRSAJ","Saint Aunes (301 rue de la Gariguette - ","",""
"USRVE","Riviera Beach, FL (W 13th St Unit B)","Jason Gibson","Chris Kirwan"
"CAMII","Mississauga (Ridgeway Drive)","Thomas Woody","Chris Kirwan"
"PHMAN","Pasig City (ADB Avenue)","Eureka Pilon","Kenny Cheung (inactive)"
"BRSPA","Sao Paulo - SP (Rua Augusto Ferreira de ","Robson Santos","Danilo Barbosa"
"CNZHO","Xiaolan, Zhongshan (Chrysanthemum Rd E)","Kevin Lin","Simon Xi (inactive)"
"USCOH","Colonial Heights (Continental Boulevard)","",""
"CNSHG","Shenzhen (Nan Tai Yun Chuang Gu Park)","",""
"USDIS","Memphis, TN (Distribution Drive)","Ryan Siddell","Ken Gums"
"CNHKG","Hong Kong (King's Rd)","Henry Wai Ming Yip","Brian Ling"
"FIKOU","Kouvola (Hallituskatu)","",""
"USCER","Ceres (Kinser Road)","Steve Stiles","Brian Brown"
"CNSHC","Shanghai (Huibin Road)","Tiamo Tao","Tiamo Tao"
"HUDEB","Debrecen (Richter Gedeon St)","Barna Nagy","Barna Nagy"
"FRSAI","Saint Quentin Fallavier (Business park M","Anne Della Vecchia","Jeffrey Bleeker"
"INDEA","Gurgaon, Haryana (DLF Cyber Terraces)","",""
"UKOLD","Oldham (Coldhurst St)","Matthew Glennie","Arash Mohsen"
"USPOM","Pomona, CA (Santa Fe St)","",""
"TRIOS","Istanbul (Ikitelli O.S.B. Ipkas Sanayi S","Semi Irgaz","Balaji Kannan"
"CNSHI","Changning, Shanghai (Jinzhong Road)","",""
"USRIC","Richardson, TX (Intl Pkwy)","",""
"AUCAO","Carole Park (Cobalt St)","Scott Haberman","Jason Ngo (inactive)"
"USMAR","Marietta, GA (Trammell St)","",""
"AUPER","Malaga, WA ( Unit 4/ 348 Victoria Rd)","Jason Ngo (inactive)","Les Wallace"
"USKRN","Kernersville, NC (So Park Dr)","Jason Gibson","Chris Kirwan"
"SEVAS","V�stra Fr�lunda (Redegatan)","Samuel Stephan","Amela Buhic"
"NOSOL","Norport (Tjernsliveien)","Eva Margrethe Mathisen","Amela Buhic"
"USSCR","Sacramento, CA (Alder Ave)","",""
"FITUK","Turku (Satakunnantie)","",""
"ARBUE","Buenos Aires (Ferrari)","",""
"IDJAK","Jakarta (GEDUNG MARGA GUNA GRAND)","Devy Juliani","Kenny Cheung (inactive)"
"MYPET","Petaling Jaya (No.30 & 32 Jalan PJU 1A/1","Owen Low","Ryan Wu"
"IEGLY","Galway (Mervue Business Park)","Gerard Melvin","John O'Neill"
"COCAL","Cali (Calle 15 # 25 A)","Edgar Mu�oz","Jaime Lopez"
"NOTRO","Trondheim (Vegamot)","",""
"UKCOL","Coleshill (Coleshill Industrial Estate)","Paul Campbell","Patrick Duckles"
"FRCRE","CREMIEU (ZI Les Tribouli�res)","",""
"FRAUB","Aubagne, Marseille (Traverse de la Batis","",""
"FRROY","Roye (rue de Montdidier)","",""
"MXCIU","Ciudad de Mexico, DF (Prolongacion Molie","Pablo Castaneda","Salvador Santos"
"CHMON","Montlingen (Gewerbestrasse)","Andrea Preisinger","Claudio Catanuta"
"SESHQ","Stockholm (Klarabergsviadukten)","Christoffer Lundberg","Lars Norberg (inactive)"
"USMOC","Mocksville, NC (Enterprise Way)","Jason Gibson","Chris Kirwan"
"USSAF","San Francisco, CA (Bryant St)","John Totaro","Kim Dykeman"
"FRCHA","CHAMPLAN (rue de l'Orme Saint Germain)","",""
"FRSAP","Chassieu Cedex (rue Paul Villard)","Patrice Larribe","Bruno Bigot"
"USDC2","GSSC Data center North America Secondary","",""
"CNSHF","Shanghai (Xiang Jing Road, Hua Yang Qiao","Simon Xi (inactive)","Terry Chen"
"BEMEL","Melle (Gontrode Heirweg)","Vincent De Coen","Ren� Kraaijvanger (inactive)"
"DKGUG","Aalborg (Gugvej)","",""
"FRLON","Longue Jumelles (rue Michel Couet)","Elie Gentel","Gilles Moreau"
"USBQP","Brooklyn Park (9501 Louisiana Ave N, Sui","",""
"CAKAM","Kamloops, BC (Laval Crescent)","Marcus Menasce","John Pereira"
"DESAU","Sauerlach (Rudolf-Diesel-Ring)","",""
"USGRA","Grand Rapids, MI (Turner Ave NW)","Jason Gibson","Chris Kirwan"
"SGSIE","Singapore (Ubi Ave)","Zaryine Tan","Ryan Wu"
"SEARS","Stockholm (F�rmansv�gen)","Dan Thurgren (inactive)","Daniel Azzarri (inactive)"
"USMES","Mesquite (1451 IH30 Parkway)","",""
"CAASH","Woodbridge, ON (Ashbridge Circle)","Hooman Shirazi","Tony Vienneau"
"USTRA","Orlando, FL (Traylor Blvd)","Ryan Elder","Abdul Basit"
"USFLO","Florence, MS (Hwy 49 S)","Marcus Menasce","John Pereira"
"IEDUB","Dublin (West Link Industrial Estate)","Alex Collins","David Gardner (Inactive)"
"SEIDB","Nyk�ping (Idb�cksv�gen)","",""
"USARL","Arlington, VA (Crystal Dr)","",""
"USRHT","Rochester, NY","Jason Gibson","Chris Kirwan"
"CZPRG","Prague (P�edvoje)","",""
"UKLEE","Leeds (Pepper Rd)","Ross Cameron","Andrew Pritchard"
"PLKAT","Tychy (Ul Browarowa)","Pawel Pelka","Jaroslav Mrazek"
"PLGOC","Krakow (Equal Business Park)","Lukasz Kusak","Michel Humeur"
"KEMSA","Nairobi (Fuji Plaza)","",""
"NLAPD","Apeldoorn (Roggestraat)","Wim van Baast","Rudy Brookman"
"AUMON","Mona Vale (Polo Ave)","Jason Van der Meer","Kimi Zou"
"DEOBE","Oberursel (In den Schwarzwiesen)","Andreas Bolger","Arash Mohsen"
"AUWET","Seven Hills, NSW (Stanton Rd)","Stephen Truban (inactive)","Maxine Witana"
"USDEE","Englewood, CO (American Way)","Marcus Menasce","John Pereira"
"USCOC","Coconut Creek, FL (Lyons Technology Cir)","",""
"SKBRA","Malacky (Tovarenska)","",""
"CHGVA","Granges","Daniel Braillard","Gobuchandhar Rangasamy (inactive)"
"USROC","Rockwood","Brooke Bittner","Henry Hazzard"
"USGRO","Elk Grove Village, IL (Jarvis)","Marcus Menasce","John Pereira"
"BRSAL","Salvador - BA","Alan Pires","Danilo Barbosa"
"PLWRZ","Warsaw (Ilzecka)","",""
"FRCHI","CHILLY MAZARIN (rue Nungesser et Coli)","",""
"USHIC","Hickory, NC (21st St)","Marcus Menasce","John Pereira"
"PLKRW","Zabierz�w (ul. Krakowska)","",""
"USWIN","Windsor (North Main Street)","Marcus Menasce","John Pereira"
"AUCAR","Cardiff, NSW (3/82 Mitchell Road)","Stephen Truban (inactive)","Frank Zhang"
"FRBLE","Bl�r� (16 rue Alfred Nobel - ZI)","",""
"DEDIE","Dieburg (Lagerstrasse)","Andreas Bolger","Arash Mohsen"
"SELDS","Norrk�ping (Importgatan)","",""
"COBOG","Bogot� DC (Calle 12)","Edicson Villanueva","Jaime Lopez"
"USELG","East Elk Grove, CA (Kent St)","Marcus Menasce","John Pereira"
"ESSAN","San Fernando de Henares (Sierra de Segur","Luis Fern�ndez","Gustavo Yenes"
"NZPET","Wellington (Petone)","Amanpal Singh","Amanpal Singh"
"USWOP","Woodland Hills","",""
"USDAV","Danville (1017 Bahls St)","Marcus Menasce","Chris Kirwan"
"UKHVH","Haverhill","Zak Barford (Inactive)","Gobuchandhar Rangasamy (inactive)"
"AUSYD","Sydney, NSW (Barangaroo Ave)","",""
"CAKEM","Kelowna, BC (Acland Rd)","Marcus Menasce","John Pereira"
"USBLU","West Chester, OH (Trade Center Dr)","Jason Gibson","Chris Kirwan"
"SKBRT","Bratislava (Tom�ikova)","Juraj Gubov","Jaroslav Mrazek"
"FRSIX","Six fours Les Plages (Chemin des Negadou","Laurent Rebaudengo","Romuald Texier (inactive)"
"USORO","Orlando, FL (Mercy Star Ct)","Kyle Anderson","Chris Kirwan"
"NLHEE","Heerhugowaard (Kelvinstraat)","Jan Heidsma (Inactive)","Antonio Plas (inactive)"
"UKWOK","Woking (Duke Street)","David Gardner","Andrew Pritchard"
"HUSZE","Sz�kesfeh�rv�r","Peter Kalmar","Pavel Hemelik"
"UKCHE","Cheltenham (Princess Elizabeth Way)","Matt Hamer","David Gardner (Inactive)"
"EU002","Azure Europe West","",""
"FRCES","Cesson S�vign� (Impasse des Charmilles -","",""
"FIVAA","Vaasa (Yritt�j�nkatu 15)","",""
"JPTOO","Tokyo (3F Chitose Bldg)","Nobuhiko Higuchi","Kimi Zou"
"TWTAA","Taipei (Keeling Rd, 5F-5)","",""
"NLRDV","Raamsdonksveer (Meerval)","Wim van Baast","Jos Jansen of Lorkeers (Inactive)"
"PLKRA","Zabierz�w (ul. Krakowska)","Mariusz Kudlacz","Dawid Kuzba"
"SEVXJ","V�xj� (Smedjegatan)","",""
"NOSTR","Oslo (Str�msveien 179)","",""
"USABQ","Albuquerque, NM (Midway Park Blvd)","Jason Gibson","Chris Kirwan"
"FIKEM","Kemi (Nauskankatu 2)","",""
"AEDUI","Dubai Silicon Oasis","",""
"FIVAM","Vantaa (Rajatorpantie)","",""
"USCTT","Charlotte, NC (West WT Harris Blvd)","Dale Friese","John Pereira"
"IEBAL","Dublin (Dimension House, Kingswood Busin","Kieran Doherty","Alex Collins"
"MXMOR","Colonia Jardines de Torremolinos","Jason Gibson","Chris Kirwan"
"USTUL","Tulsa, OK (2026 N Mingo Rd)","Kyle Anderson","Chris Kirwan"
"FRROM","Romilly sur Andelle (rue des Hautes Rive","Olivier VIDAL","Xavier Guillaume"
"SESHM","Stockholm (F�rmansv�gen)","",""
"FRSOT","Sotteville les Rouen (Rue Claude Chappe)","",""
"USMOA","Monroe, NC (Hwy 74 E)","JD Guitard","Henry Hazzard"
"SEKRI","Katrineholm (Fredsgatan)","",""
"AUCLO","Brisbane, QLD (Redcliffe Garden Rd)","Jack Ung","Jason Ngo (inactive)"
"USHAM","Hamilton, NJ (Horizon Center)","Marcus Menasce","John Pereira"
"ESMAD","Madrid (C/Valportillo Segunda, P.I. Alco","Francisco Javier Gascon","Javier Mu�oz (inactive)"
"INEMB","Bangalore (Embassy Icon, Infantry Rd)","",""
"CZPRH","Prague (Pocernicka)","Jaroslav Zavurka","Chloe Collin  (inactive)"
"BEOUD","Oudenaarde (Westerring)","Vincent De Coen","Vincent De Coen"
"TRKOC","Cayirova","Lutfu Cakil","Jonathan Heranz (inactive)"
"SELAN","Landskrona (Lodjursgatan 10)","J�rgen Petersson","Amela Buhic"
"NOSAN","Sandefjord (Nedre Movei)","Cato Skjelberg","J�rgen S�tre"
"NODRA","Drammen (Bj�rnstjerne Bj�rnsonsgate)","J�rgen S�tre","J�rgen S�tre"
"FITAP","Tampere (Viinikankatu)","",""
"ZAPOR","Port Elizabeth (Newton Park)","",""
"USRAN","Rancho Cucamonga, CA","Jason Gibson","Chris Kirwan"
"USERO","East Rochester (West Commercial Street)","",""
"NZWEB","Wellington (Te Puni St)","Stephen Truban (inactive)","Stefan.J de Waal"
"FIJYV","Jyv�skyl� (Sepp�l�ntie)","",""
"UKSHE","Sheffield (Churchill Way)","Alex Collins","Garrie Bridle (Inactive)"
"RUMOT","Moscow(Entrance No 15, office 401B)","",""
"FRLOR","Lormont, Bordeaux (Rue du Courant)","",""
"USFRA","Franklin (International Drive)","Thomas Woody","Chris Kirwan"
"NLGOR","Gorinchem (Stephensonweg)","Pascal Verhoef","Ivan Fernandez"
"CAVDO","Vaudreuil-Dorion (420 rue Aime-Vincent)","Eric Gontovnick","Hooman Shirazi"
"USPHA","Pharr, TX","Man Lee","Chris Kirwan"
"USLVS","Omaha, NE","Jason Gibson","Chris Kirwan"
"USPHX","Phoenix (10235 S 51st Street)","Don Riney","Kevin Fitzpatrick"
"AUTIN","Banyo, QLD (Earnshaw Rd)","Stephen Truban (inactive)","Robert Watt"
"CZPRE","Prague (U Bla�enky, Smichov)","Jiri Chalupa","Jaroslav Mrazek"
"SEDAT","V�ster�s (Kopparbergsv�gen)","Gerhard Sahlberg","Gerhard Sahlberg"
"ESESC","Escoriaza (Aranburuzabala)","Gustavo Yenes",""
"MXCUA","Cuautitl�n (Autopista M�xico-Quer�taro)","Pablo Castaneda","Salvador Santos"
"KRGUN","Gunpo-si (Gongdan-ro)","Justin Na (inactive)","myounghoon kim"
"USFRM","Fremont, CA (Christy St)","Jason Gibson","Chris Kirwan"
"BRSPL","Sao Paulo - SP (Av Guido Caloi)","",""
"AUCLA","Keysborough, VIC (Indian Dr)","Robert Watt","Stephen Truban (inactive)"
"UKCHE","Cheltenham (Princess Elizabeth Way)","",""
"USCOS","Columbus, GA (Miller Rd)","Jason Gibson","Chris Kirwan"
"NZTIM","Timaru (King St)","",""
"CHTAG","Tagelswangen (Neustadtstrasse)","Adrian Guenther (Inactive)","Shkelzen Ziba"
"UKDEN","Denton (Ridgway Office Park)","David Gardner","David Gardner"
"FRVIM","Villeurbanne (35 rue Jules Guesde)","Eric Blethon","Romuald Texier (inactive)"
"ZACAP","Cape Town (Gold St)","Pat Dix","Tony Petterson"
"DKHVI","Hvidovre (H�vedstensvej 33)","",""
"CNSHH","Qindao (Shan Dong Rd)","Katherine Liang","Mike Cui"
"USHOE","Houston, TX (Jameel Rd)","Marcus Menasce","John Pereira"
"CNVG1","Shanghai (STH Yanggao RD 5788)","",""
"DKMAR","Ballerup (Borupvang 5 D)","",""
"USARD","Arden, NC (Buck Shoals Rd)","Marcus Menasce","John Pereira"
"USWOO","Wood Dale (Balm Court)","Thomas Woody","Chris Kirwan"
"USLVG","Las Vegas, NV (So Cameron St)","Jason Gibson","Chris Kirwan"
"USHOA","Houston, TX (Fairbanks N Houston Rd)","",""
"NOOSO","Oslo (Str�msveien 266)","Fredrik Lundh (Inactive)","J�rgen S�tre"
"USCAR","Carol Stream, IL (E Lies Rd)","Dan McGuire","Brian Brown"
"NLDER","Veldhoven (De Run)","Bram Jansen","Vimal Kumar G"
"USSCO","Scottsdale, AZ (East Bahia Dr)","",""
"AEDSS","Dubai (Jebel Ali Industrial Area 1)","Shibu Johnrose","Balaji Kannan"
"SEJON","J�nk�ping (K�rrviolsv�gen)","Jens Gustavsson (Inactive)","J�rgen Petersson"
"MXMXC","Mexicali (BCN)","Jason Gibson","Chris Kirwan"
"AUCRE","Crestmead (Magnesium Drive)","Stephen Truban (inactive)","Frank Zhang"
"CHGEN","Geneva (Rue du Dauphin�)","Alexandre VITAL","Xavier Guillaume"
"SELID","Lidk�ping (Sockerbruksgatan)","Samuel Stephan","Amela Buhic"
"CNNAN","Nanjing (ZhongShan E St)","Suzhen Ma","Ruike Deng"
"AUWIN","Winnelie, NT","",""
"IEGWY","Galway (Mervue)","Gerard Melvin","Marcus Nixon (inactive)"
"FRVIL","Villebon sur Yvette (Ave d'Ouessant)","Ludovic Nomblot","Xavier Guillaume"
"ITBRU","Brunello, VA (Via Campo di Maggio 41)","Claudio Sozzi","Claudio Sozzi"
"USLEX","Lexington (Capston Dr)","",""
"ZABRA","Brackenfell (Okavango Junction)","",""
"UKRED","Reading (Suttons Business Park)","",""
"USLAS","Las Vegas, NV (E Brooks Ave)","Marcus Menasce","John Pereira"
"DEVIG","Frankfurt (Escborner Landsstrasse)","",""
"UKWOC","Wolverhampton (Cannock Rd)","David Gardner","David Gardner (Inactive)"
"USBSJ","Bristol (13850 101st Street)","",""
"USNYC","New York, NY (W 21st St)","Stefano Luciani",""
"CNPIX","Chengdu, Sichuan (Gang Tong Bei 4 Rd)","Dikui Yue","Simon Xi (inactive)"
"FRROY","Roye (rue de Montdidier)","",""
"CNWUX","Wuxi, Jiangsu Province","",""
"CZKOS","Kostelec (Ostrov u Stribra 63)","Lukas Sedlacek (inactive)","Jaroslav Mrazek"
"USNAP","Naperville, IL (Corporate Ln)","Marcus Menasce","John Pereira"
"AUMEN","Mentone, VIC","Jason Ngo (inactive)","Luke Clowes"
"ZWHAR","Harare (Conald Rd)","",""
"CAPOR","St-Laurent, QC (Blvd Thimens)","Marcus Menasce","John Pereira"
"UKWIL","Willenhall (School St Portobello Works)","Steven Eagleton","Ross Cameron"
"DKEGE","Fredericia (Egeskovvej)","",""
"KRHWA","Gyeonggi-do (Hwaseong-si)","Justin Na (inactive)","myounghoon kim"
"ITMIL","Carugate, MI (Via Guido Rossa)","Claudio Sozzi","Jonathan Heranz (inactive)"
"FIJOE","Joensuu (Wahlforssinkatu)","Antti Eronen (inactive)","Tuomas S�llinen"
"UKSUN","Sunbury on Thames","Alex Collins","Alex Collins"
"UKOLN","Olney (30 Stilebrook Rd)","",""
"USJCK","Jacksonville, FL (Chedoak Ct)","Marcus Menasce","John Pereira"
"MXQUE","Queretaro (Carretera Queretaro San Luis ","Pablo Castaneda","Salvador Santos"
"PTCHA","Lisboa (Areeiro)","Javier Mu�oz (inactive)","Jose Luis Gonzalez (inactive)"
"DERAS","Rastede (Klein Feldhus)","Christian Eichner","Kai Wessel"
"MXREY","Parque Industrial Reynosa AP.294","Man Lee","Chris Kirwan"
"ZABLO","Bloemfontein (Dennis Pooley St)","",""
"ARVIG","Buenos Aires (Avenida del Campo)","",""
"USSAN","Sandston, VA (Corrugated Rd)","Marcus Menasce","John Pereira"
"FRROA","Romagnat (rue Enrico FERMI)","",""
"AUCRB","Melbourne, VIC (Cameron St)","Jack Ung","Jason Ngo (inactive)"
"USMOR","Monroe (1310 Airport Road)","Marcus Menasce","John Pereira"
"USSOM","Somerset, PA (258 Beacon Street)","Brooke Bittner","Henry Hazzard"
"INBLR","Ulsoor, Bangalore (Murphy Rd)","Gobuchandhar Rangasamy (inactive)","Jagadish Babu Muniyappa"
"FRNOY","NOYAREY (Avenue de Saint Jean)","",""
"FRCHA","CHAMPLAN (rue de l'Orme Saint Germain)","",""
"USCRL","Carlstadt, NJ (Kero Rd)","Jonathan Klein","Brian Brown"
"AUROC","Brisbane, QLD (Miller St, Murarrie)","Jason Ngo (inactive)","Les Wallace"
"ZAGEO","George (Meade Street)","",""
"CZVEL","Velk� Dobr� (Lesn�)","",""
"USHAR","Los Indios, TX (Harlingen Warehouse)","Frank Vega","Brian Brown"
"CASUR","Surrey, BC (96th Ave)","Jason Gibson","Chris Kirwan"
"USCHS","Chesapeake, VA (Woodlake Cir)","Jason Gibson","Chris Kirwan"
"BRDIB","Diadema (Avenida Luigi Papaiz)","",""
"CRSAN","San Jose (Provincia de San Jos�)","GIOVANNI PAPILI AMADOR","Jaime Lopez"
"CNSHB","Shanghai (West Tianshan Rd, Changning Di","Terry Chen","Simon Xi (inactive)"
"CACAL","Calgary, AB (25th Ave NE)","Jason Gibson","Chris Kirwan"
"AEDUB","Dubai (Sheikh Zayed Road)","Jaffar Theyath","Luck Tian"
"USUPP","Upper Sandusky (Commerce Way)","Marcus Menasce","John Pereira"
"AUCOF","Coffs Harbour, NSW (Lawson Crescent)","",""
"PLPIA","Piaseczno (Stara Iwiczna)","Oliver Krueger","Zahir Mogra"
"CAVAG","Vaughan, ON (Racco Pkwy)","Marcus Menasce","John Pereira"
"SKTOM","Bratislava (Bajkalska)","Zuzana Slezakova (inactive)","Jaroslav Fadrny"
"NOFOR","F�rde (Sanderplassen)","Helge �kland","J�rgen S�tre"
"DKERA","N�stved (Erantisvej)","",""
"CANAN","Nanaimo, BC (Boban Dr)","Jason Gibson","Chris Kirwan"
"MXAGS","Aguascalientes (SA DE CV Blvd.)","",""
"PLKOR","K�rnik(Le?na 57)","",""
"USTCA","Carrollton, TX (1612 Hutton Dr)","Man Lee","John Pereira"
"USFRS","Fresno, CA (S. Angus Ave)","Jason Gibson","Chris Kirwan"
"SEESK","Eskilstuna (Kungsgatan 73c)","Mikael Rehn","Mikael Rehn"
"SETOH","Torslanda (Hangarv�gen)","Samuel Stephan","Amela Buhic"
"USSFS","Santa Fee Springs (Carmenita Road)","",""
"USCHN","Chattanooga, TN (Dodds Ave)","Marcus Menasce","John Pereira"
"PKLAH","Lahore (DHA phase 6)","",""
"FRVAL","Valbonne (route des Cr�tes)","",""
"SESOD","S�dert�lje (Nyk�pingsv�gen)","",""
"USMND","Mundelein, IL (956 Campus Dr)","Marcus Menasce","John Pereira"
"USPRT","Portland, OR (NE 78th Ct)","Marcus Menasce","Chris Kirwan"
"USBRN","Brownsville, TX (1952 S Price Rd)","Pablo Castaneda","Salvador Santos"
"AUMAD","Canning Vale, WA (Craft St)","Robert Watt","Stephen Truban (inactive)"
"USMUN","Mundelein, IL (935 Campus Dr)","Marcus Menasce","John Pereira"
"FILAH","Lahti (Launeenkatu)","",""
"USTAL","Tallahasse, FL (West Tharpe St)","Marcus Menasce","John Pereira"
"AM901","AWS N. Virginia","",""
"SELUN","Lund (Traktorgr�nden)","Amela Buhic",""
"AUWIL","Perth, WA (Whyalla St)","Jack Ung","Jason Ngo (inactive)"
"CNCHA","Chang Sha City (Pan Pan Rd, Hu Nan Provi","Peng Cao","Simon Xi (inactive)"
"MXTJN","Tijuana, BC (Prolongacion 'M' Juarez)","Jesus Vega","Brian Brown"
"SEUPP","Uppsala (Fyrislundsgatan)","","Amela Buhic"
"USRMD","Richmond, VA (Commerce Rd)","Jason Gibson","Chris Kirwan"
"USLUB","Lubbock, TX (Hwy 87)","Jason Gibson","Chris Kirwan"
"CNSUZ","Suzhou (Huahong St, SIP, Jiangsu Provinc","Tiamo Tao","Ryan Wu"
"KRHWS","Hwaseong-si (Paltan-myeon)","",""
"CNPAN","Guangzhou (Xieshi Road, Panyu District)","HuaZhong Lu","Simon Xi (inactive)"
"ESSEE","Sevilla (c/Am�rico Vespucio)","Javier Mu�oz (inactive)","Jose Luis Gonzalez (inactive)"
"ESMAT","Barcelona (Av Ernest Lluch, Matar�)","Javier Mu�oz (inactive)","Jose Luis Gonzalez (inactive)"
"SEENK","Enk�ping (�gatan)","",""
"CNHAE","Harbin","",""
"ESSAC","Sant Cugat (Francesc Vila)","",""
"ESBAR","Barcelona (Cornell� de Llobregat)","",""
"USSAL","Salem, VA (Alleghany Dr)","Gaven Reinhardt","Ron Bruintjes"
"FRSAV","Sainte Savine (Impasse L�on Lecornu)","Xavier Guillaume","Frederic Collard"
"SECOP","Kungens Kurva (Ellipsv�gen)","Roberto Urbina","Roberto Urbina"
"USLWR","Lawrence, KS (Greenway Cir)","Rodney Woodson","Chris Kirwan"
"HKKOA","Cheung Sha Wan (King Lam St)","Kenny Cheung (inactive)","Dennis Cheung (inactive)"
"USFRE","Fremont, CA (Dumbarton Cir)","John Milkovich (inactive)",""
"CNWUY","Jinhua (Yongkang, Wuyi)","Hu Zhou","Simon Xi (inactive)"
"CNSHP","Shenzhen (Qinghu Park, Silicon Valley)","",""
"CNSHN","Shenzhen (TCL Int'l E City)","Leo Jiang","Jiagui Chen"
"AUVIC","Bayswater (London Dr)","",""
"FRTOU","Toulouse (1 Rue de l'Auvergne)","Thierry Loche","Romuald Texier (inactive)"
"FIHES","Espoo (Lars Sonckin kaari)","Antti Eronen (inactive)","Ari Ronkainen"
"FIESP","Vantaa (H�rk�haankuja 9)","Stilianos Loizos (inactive)","Aleksi Uotila"
"HUBUG","Budapest (Nagyt�t�nyi �t)","Janos Frast","Jaroslav Mrazek"
"NOTOS","Troms� (Troms�ysundveien)","Jan H�vard Hansen","J�rgen S�tre"
"UKBLA","Blantyre (Hamilton International Park)","Paul Campbell","Patrick Duckles"
"USBLC","Blaine, MN (8838 W 35 W Service Drive)","Jason Gibson","Chris Kirwan"
"FRQUI","Quimper","Patrice Larribe","Bruno Bigot"
"UKOST","Ossett (Wakefield Rd)","",""
"EU901","AWS Frankfurt","",""
"CABUR","Burnaby, BC (Henning Dr)","",""
"AESHA","Sharjah (M2 Warehouse Facility)","",""
"FRNEY","NEYRON (Portes du grand Lyon)","",""
"USPLE","Pleasant Hill (Metro E. Drive)","Thomas Woody","Chris Kirwan"
"USNAS","Nashville, TN (Trousdale Dr)","Jason Gibson","Chris Kirwan"
"BRSOS","Sorocaba(Av. Antonio Bardella, 2650)","",""
"MTBUL","Zejtun (Bulebel Industrial Estate)","",""
"CZPRU","Prague (Krizikova)","",""
"MXCHI","Chihuahua (Col. Las Granjas)","Jason Gibson","Chris Kirwan"
"BRCAM","Campina Grande - Para�ba","Claudia Melo","Danilo Barbosa"
"FISEI","Sein�joki (P�iv�l�nkatu)","",""
"FRCHI","CHILLY MAZARIN (rue Nungesser et Coli)","",""
"DKRIN","Ringe (Krogagervej)","Johannes Jefsen (inactive)","J�rgen Frausing"
"PESAN","Santa Genoveva � Lur�n","",""
"SEKIR","Kiruna (Industriv�gen)","","Amela Buhic"
"SISEN","Sencur (Poslovna cona)","Vedran Dvornik","Kamil Matejka"
"FRBLE","Bl�r� (16 rue Alfred Nobel - ZI)","",""
"USLVE","Las Vegas (2700 E Patrick Ln #17)","",""
"KRSEO","Seoul (10F Gasan Digital 1-ro)","Gilmo Jung","myounghoon kim"
"DKVLV","Herlev (Marielundvej 48)","",""
"USSAA","San Antonio, TX (Macro Dr)","Jason Gibson","Chris Kirwan"
"USDAN","Fort Lauderdale, FL (Powerline Rd)","Joe Bezzina",""
"SELND","Lund (Propellerv�gen)","","Amela Buhic"
"SEMAL","Malm� (Nordenski�ldsgatan)","Michel Humeur","Jens Lindahl"
"MXNUV","Escobedo (Blvd L�pez Portillo)","Jason Gibson","Chris Kirwan"
"ITQUA","Mogliano Veneto (TV)","Claudio Sozzi","Jonathan Heranz (inactive)"
"INCHE","Chennai (Olympia Technology Park)","Gobuchandhar Rangasamy (inactive)","Elavendran Selvaraj"
"CAKEL","Kelowna, BC (Kirschner Rd)","Marcus Menasce","John Pereira"
"USIND","Indianapolis, IN (Zionsville Rd)","Jason Gibson","Chris Kirwan"
"CAREG","Regina, SK (McDonald St)","Marcus Menasce","John Pereira"
"USCLN","Clinton, OK (W Gary Blvd)","Mark Krewall","Brian Brown"
"USSAS","St Rose, LA (James Dr W)","Jason Gibson","Chris Kirwan"
"CZPRA","Praha (Boudn�kova)","Kamil Matejka","David Spudich"
"ROBUC","Bucharest (Octavian Goga Blvd)","Stefan Nedelcu","Valentina Carbunaru"
"USGAR","Garland, TX (Marquis St)","Kevin Thompson","Brian Brown"
"IEGAL","Galway (Baile na hAbhann)","Gerard Melvin","Gobuchandhar Rangasamy (inactive)"
"USDES","Des Moines, IA (NE Industry Dr)","Jason Gibson","Chris Kirwan"
"PLLES","Leszno (ul Magazynowa)","Jakub Papierski","Pawel Wasielewski"
"USHTG","Houston, TX (Greens Parkway)","Matthew Givens (inactive)",""
"FRALT","Altorf (rue Guynemer)","",""
"AUBRO","Brookvale, NSW (Powells Rd, Unit 30)","",""
"USPAL","Palm Beach Gardens, FL (RCA Blvd)","Paul Rudin",""
"UKLWL","Woking (Duke Street)","",""
"USAUS","Austin, TX (Center Ridge Dr)","Gary Circe","Paul Rudin"
"AP001","Azure Asia Southeast","",""
"ITSGP","San Giovanni in Persiceto, BO (Via Bovar","Marco Ruscelloni","Claudio Bellentani (inactive)"
"DKODE","Odense (M�llekajen)","J�rgen Frausing","J�rgen Frausing"
"USTMP","Brandon, FL (Broadway Center Boulevard)","Marcus Menasce","John Pereira"
"USEUL","Euless, TX (Royal Pkwy)","",""
"FROLE","Olemps (impasse de l'Or�e du Bois)","Thierry Loche","Romuald Texier (inactive)"
"USDIX","Dixon, IL (Warp Rd)","Melanie Foster","Lawrence Coles"
"USBOC","Pompano Beach, FL (NW 40th Ct)","Marcus Menasce","John Pereira"
"USTUC","Tucson, AZ (N Oracle Rd)","",""
"USEQX","Ashburn (Filigree Ct)","",""
"USDON","Anaheim, CA (S Sinclair St)","Marcus Menasce","John Pereira"
"SEREB","�rebro (Elementv�gen 12)","","Amela Buhic"
"UKOLY","Olney (Units 11 & 12 Stilebrook Rd)","Zack Goodger",""
"FRSUR","Suresnes (Rez de Jardin RDJ)","Antonio Paladino","Peter Krause"
"MYKUL","Kulai (Jalan l-Park 1/2)","Mohd Zul Shaffik Bin Jasmin","Vimal Kumar G"
"PLPLO","Bielsk (Sp�?dzielcza)","Pawel Wasielewski","Artur Opali?ski"
"PELMA","Lima (Avenida Mariscal La Mar 550)","",""
"CZBRN","Brno (Londynske namesti)","Karel Drapal","Jaroslav Mrazek"
"NOSTG","Stavanger (Auglendsmyr�)","Svein Arne Berg (Inactive)","J�rgen S�tre"
"FRSAR","Sars et Rosieres, Lille (Rue de l'Epau)","",""
"JPOSA","Osaka (Minami Kyuhoujicho)","Yoshio Arita (inactive)","Tomoe Ueda"
"USCHL","Charlotte, NC (Service St)","Kyle Anderson","Chris Kirwan"
"AUSEV","Seven Hills (Prince William Drive)","Robert Watt","Robert Watt"
"TRISA","Istanbul (G�rsel Plaza - Beykoz)","Lutfu Cakil","Jonathan Heranz (inactive)"
"HKUNI","Hong Kong (Cyberport Rd)","",""
"UKWAL","Walsall (Fryers Rd)","John Salt (inactive)",""
"NOFAB","Bergen (Fabriksgaten)","Helge �kland","J�rgen S�tre"
"USTEG","Austin (Smith School Road)","Jason Gibson","Chris Kirwan"
"NZAND","Auckland (89 Gavin Street)","",""
"UKWOL","Wolverhampton (Hilton Rd)","John O'Toole","David Gardner"
"IEUBL","Ballymount (Parkway Business Centre)","Andrew Pritchard","Ross Cameron"
"USMUS","Muskego, WI (Racine Ave)","Man Lee","Chris Kirwan"
"USKNX","Knoxville, TN (Dutch Valley Rd)","Jason Gibson","Chris Kirwan"
"ZAROO","Roodepoort, Gauteng (Nickel St)","",""
"BEBRU","Wemmel (Heide)","Koen Temmerman","Jan Warrot"
"USAUE","Austell, GA (Oak Ridge Parkway)","Marcus Menasce","John Pereira"
"FRROA","Romagnat (rue Enrico FERMI)","",""
"USGRN","Grand Rapids, MI (Talon Ct SE)","",""
"CAWIN","Winnipeg, MB (Golspie St)","Marcus Menasce","John Pereira"
"FIKUO","Kuopio (Maaherrankatu)","",""
"SADAM","Al Khobar (King Khalid Road)","Wail Dino","Zahir Mogra"
"USGRP","Greenville, SC (P and N Drive)","Marcus Menasce","John Pereira"
"AUMIL","Sydney, NSW (Horsley Rd)","Jack Ung","Jason Ngo (inactive)"
"AUQUE","Queanbeyan (Wycombe St)","",""
"ZAJOP","Roodepoort, Gauteng (Progress Rd)","Pat Dix","Tony Petterson"
"USRID","Columbia, SC (Cook Rd Ridgeway)","Marcus Menasce","John Pereira"
"UKNEW","Newton Abbot (Fairfax Rd)","David Gardner","Ross Cameron"
"USDNV","Aurora, CO (E 35th Place)","Jason Gibson","Chris Kirwan"
"ROBUH","Bucharest (Preciziei Ave)","Mihai Cojocaru","Alexandru Voicu"
"ITARZ","Arzano, NA (Via Remo de Feo)","",""
"USSHR","Shreveport, LA (Kansas City Ave)","Jason Gibson","Chris Kirwan"
"NOBIL","Billingstad (Billingstadsletta)","Christopher Aagaard","J�rgen S�tre"
"NLZEV","Zevenbergen (Touwslagerij)","Wim van Baast","Johan Trommelen"
"ITCAR","Origgio (VA)","Claudio Sozzi","Claudio Sozzi"
"USNEE","Needham, MA (Highland Cir)","",""
"MXTIJ","Tijuana, BC (Blvd Diaz Ordaz)","Jason Gibson","Chris Kirwan"
"BGVAR","Varna (Petko Staynov)","Deyan Ivanov","David Spudich"
"NZALB","Albany, Auckland (Armstrong Rd)","Amanpal Singh","Jason Ngo (inactive)"
"INEMB","Bengaluru (1st Stage, Domlur)","Gobuchandhar Rangasamy (inactive)","Jagadish Babu Muniyappa"
"FRSAK","Saint Marcel (rue Denis Papin - ZA des G","",""
"SKSHE","Malacky (Tovarenska)","Jaroslav Fadrny","David Spudich"
"CHFEH","Fehraltorf (Allmendstrasse 24)","Arash Mohsen","Arash Mohsen"
"CNSHW","Shanghai (West Yan'An Rd)","",""
"CAABT","Abbotsford, BC (Mt Lehman Rd)","Amit Parikh (inactive)","Henry Hazzard"
"CNLAN","LangFang (Chuangye Rd)","",""
"JPVIG","Tokyo (Asashi Computer Building)","",""
"ITVAL","Renate, MB (Via Concordia)","Paolo Ballabio","Marco Ruscelloni"
"SEHOS","Landskrona (Lodjursgatan 1)","Magnus Persson","Shelton Videau"
"USEAS","Easton, PA (Conroy PL)","Peggy Marinkovits","Brian Brown"
"USDNV","Denver, CO (Nome St)","Jason Gibson","Chris Kirwan"
"BELID","Liedekerke (Affligemsestraat)","Bjorn De Maeseneer","Bjorn De Maeseneer"
"MXBJX","Leon, GTO (Col. Jardines del Morel)","",""
"AEDIP","Dubai Investment Park 1 (Lorient Gulf Bu","",""
"ESSAC","Sant Cugat (Francesc Vila)","",""
"USSTC","St Charles, MO (Portwest Dr)","Kyle Anderson","Chris Kirwan"
"USLIN","Lindenhurst, NY (Route 109)","",""
"USCIT","City of Industry, CA (E Stafford St)","Byron Rohrbach","Alfonso Ramirez"
"JPTOK","Tokyo (Hamamatsucho Empress Bldg)","Hidetoshi Kasuga","Yoshio Arita (inactive)"
"NOTRL","Trondheim (Nardovegen)","Trond Bechmann (inactive)","J�rgen S�tre"
"INNAV","Navi Mumbai (#1007, Mayur?esh Square)","",""
"DKOST","Odense (St�rmoseg�rdsvej)","",""
"FRAVI","Avignon (Allee des Bouleaux)","Thierry Giniez","Romuald Texier (inactive)"
"HKKCH","Kwai Chung (High Fashion Center)","Henry Wai Ming Yip","Brian Ling"
"UKREA","Reading (Imperial Way)","Paul Zak","Zack Goodger"
"NOSDS","Sandnes","Bjarne Eskeland","Amela Buhic"
"USFMT","Fremont, CA (Kaiser Dr)","",""
"USCON","Concord, NC (Pitts School rd.)","",""
"UKERD","Erdington (Merlin Park)","","David Gardner"
"AUFOR","Sunshine Coast, QLD (Sandalwood Ln)","Jack Ung","Jason Ngo (inactive)"
"FIVAR","Varkaus (Kauppakatu 50)","Antti Eronen (inactive)","Tuomas S�llinen"
"FRLOR","Lormont, Bordeaux (Rue du Courant)","",""
"USPHN","Phoenix, AZ (S 11th Ave)","Jason Gibson","Chris Kirwan"
"USPOR","Portland, OR (NE Airport Way)","Jason Gibson","Chris Kirwan"
"KRINC","Incheon (Geonji-ro, Seo-gu)","Gilmo Jung","myounghoon kim"
"USRLG","Raleigh (1200 Corporation Parkway)","Marcus Menasce","John Pereira"
"CAVAU","Vaughan, ON (Four Valley Dr)","Hooman Shirazi","Tony Vienneau"
"CAMIS","Mississauga (8-7045 Tranmere Drive)","Sunny Dhami","Hooman Shirazi"
"NZWEA","Wellington (Meachen St)","",""
"USSTL","Sterling Heights, MI (6329 Progress Park","Jason Gibson","Chris Kirwan"
"USORN","Orlando, FL (LB McLeod Rd)","Jason Gibson","Chris Kirwan"
"PTLIS","Charneca da Caparica (12B)","Ricardo Dinis","Ivan Fernandez"
"MXNUE","Monterrey (Av Adolfo Lopez Mateos)","Pablo Castaneda","Salvador Santos"
"CZPIL","Pilsen � Koterov (U Privadece)","Lukas Svoboda (inactive)","Jaroslav Mrazek"
"NZAUK","Auckland (Carbine Rd)","Stephen Truban (inactive)","Stefan.J de Waal"
"MXJAL","Guadalajara, Jalisco (Paseo De Las Lomas","Edgar Rosales","Salvador Santos"
"EETAL","Tallinn (Priisle)","Erki Zahvatkin","Kamil Matejka"
"FRNEY","NEYRON (Portes du grand Lyon)","",""
"ROBUA","Bucharest (Bulevardul Tudor Vladimirescu","Silviu Gata","Ralf Weskamp"
"CAMOT","St-Laurent, QC (Paulus)","Man Lee","Chris Kirwan"
"CAVIC","Victoria, BC","",""
"USPHO","Phoenix, AZ (S 51st St)","Don Riney","Larry Geer"
"MXTAM","Matamoros (Av Pedro Cardenas)","Pablo Castaneda","Salvador Santos"
"NOBER","Bergen (Sandvikstorget)","",""
"UGKAM","Kampala (Industrial Area)","",""
"USINT","Indian Trail (139 Business Park Dr.)","Marcus Menasce","John Pereira"
"KRDAE","Daegu (Woram-dong)","Gilmo Jung","myounghoon kim"
"USBUT","Butte, MT (North Parkmont)","Jason Gibson","Chris Kirwan"
"CNSHI","Shanghai (Changyang Rd, Yangpu District)","Jian Zhou","Ryan Wu"
"USBLN","Berlin, CT (Episcopal Rd)","Harley Schaeffer","Pete Wheeler"
"DEMEE","GSSC Data center Europe Primary","Michel Humeur","Jens Lindahl"
"CAREC","Regina, SK (Maxwell Crescent)","Marcus Menasce","John Pereira"
"SEUME","Ume� (Maskingatan)","Torbj�rn Lampa","Amela Buhic"
"USMOO","Monroe (Phil Hargett Ct)","Thomas Woody","Chris Kirwan"
"BEHOU","Houthalen","Vincent De Coen","Josy Stulens"
"USFAI","Fairfield, NJ (Little Falls Rd)","Jason Gibson","Chris Kirwan"
"AUDAN","Dandenong South, VIC (28-30 Quality Driv","Stephen Truban (inactive)","Robert Watt"
"FRSTR","Strasbourg (av. du Gal. de Gaulle)","",""
"BEMOO","Moorsel (Waverstraat)","Sebastien Ricour",""
"USSAC","Sacramento, CA (Power Inn Rd)","",""
"SELUL","Lule� (S�dra Kungsgatan)","","Amela Buhic"
"USMCK","McKinney(Lake Forest Dr)","",""
"FRLEP","Les Pennes Mirabeau (avenue Lamartine - ","",""
"KZALM","Almaty (Zenkova Street Business Center)","David Spudich","David Spudich"
"USFOW","Haltom City, TX (Airport Fwy)","Jason Gibson","Chris Kirwan"
"ESBAB","Barcelona (Calle Plomo)","Jose Luis Cristobal","Gustavo Yenes"
"AM011","Azure Brazil South","",""
"CAMIT","Mississauga(2345 Argentia Rd)","Tony Vienneau","Tony Vienneau"
"AUTOR","Bayswater (Jersey Road)","",""
"FRNOR","Norroy Le Veneur (rue de la Fontaine Cha","",""
"ZAPOL","Polokwane (Cnr Veldspaat St & Kalsiet St","",""
"USCTY","City of Industry, CA (600 Baldwin Park B","Alfonso Ramirez","Angelo Reyes"
"CLSAN","Pudahuel, Santiago (Avda Tranquilo)","Erich Nu�ez","Ariel Musumeci"
"MXGUA","Guadalajara (Av. Vicente Guerrero 224)","Jason Gibson","Chris Kirwan"
"USADD","Addison, IL (S Lombard Rd)","Jason Gibson","Chris Kirwan"
"FIPOO","Espoo (Linnoitustie)","Tuomas S�llinen","Ari Ronkainen"
"CNLEL","Leling (Tingjin Rd)","Xingang Li","Simon Xi (inactive)"
"AM501","Oracle Cloud Americas","",""
"HKKWU","Hong Kong (Hung To Rd, Kwun Tong)","Man Lee","Kimi Zou"
"FRGRE","Grentheville (rue des Fr�res Chappes)","",""
"AUVG2","Sydney (Harris Street)","",""
"AREZE","Buenos Aires (Ferrari)","Corina Prio (Inactive)",""
"AP904","AWS Singapore","",""
"USNWT","Newton, NC (Industrial Dr)","Daniel Gibbs","Brian Brown"
"USAUR","Aurora, CO (Fraser St)","Matthew Valenzuela","Brian Brown"
"CZLAN","Lanskroun (Tovarni)","",""
"SGSIB","Singapore (Toa Payoh North)","Agnes Low","Mun Siang Ooi"
"UKOLS","Olney (Osier Way)","Zack Goodger","Abdul Basit"
"USIRA","Irving, TX (Commerce Dr)","Colin Cooper (inactive)",""
"DKSLA","Slagelse (Mariendals All�)","",""
"ESSON","Son Ferriol (Delegaci�n Baleares)","",""
"AM007","Azure US West","",""
"FRLIE","Lieusaint (avenue Marguerite Perey)","",""
"AUBEN","Melbourne, VIC (Creek St)","Jack Ung","Jason Ngo (inactive)"
"PLGLO","Glowno (Norblina)","Jaroslav Mrazek","Piotr Czerwoniuk"
"THBAA","Bangkok (Pattanakarn Rd)","Maneeratt Tiankul","Kenny Cheung (inactive)"
"DEBLN","Berlin (Attilastra�e)","Christian Kupfer","Christian Kupfer"
"FILAP","Lappeenranta (Myllym�enkatu)","",""
"IENRO","New Ross (Woodbine Business Park)","Kieran Doherty","Alex Collins"
"FIROV","Rovaniemi (Vierustie)","",""
"HUBUD","Budapest (Z�hony utca)","Peter Kalmar","Kamil Matejka"
"SGIDC","GSSC Data center APAC Primary","Kevin Lu(IT)","Tim Yuan"
"SELTU","Eskilstuna (Kungsgatan 67)","Gerhard Sahlberg","Amela Buhic"
"HUDEK","Debrecen (K�gy�hagyma utca 5)","Barna Nagy","Barna Nagy"
"PLWAE","Warsaw (ul. Annopol)","Jaroslav Mrazek","Pawel Pelka"
"RUMOU","Moscow(Entrance No 15, office 417B)","",""
"KRCHE","Cheonan-si (Daeheung 1-gil)","",""
"USSLC","SALT LAKE CITY (2855 SOUTH 1030 WEST)","",""
"FRCES","Cesson S�vign� (Impasse des Charmilles -","",""
"HRMET","Bjelovar (Pakracka ulica)","Pavel Hemelik","Kamil Matejka"
"NLBAR","Barneveld (Hanzeweg 25)","Lex Porsius","Jelle Hoekstra (inactive)"
"FIHEE","Helsinki (K�enkuja)","Milja Sepp�l� (Inactive)","Antti Eronen (inactive)"
"3rd Party","Moerdijk (Transitoweg)","",""
"CHBUR","Burgdorf (Buchmattstrasse)","Ruben Achermann (inactive)","Oliver Krueger"
"MXCHL","Chihuahua (Lateral Ortiz Mena)","",""
"UKREA","Reading (Imperial Way)","",""
"ESOLI","Oliva (Valencia)","Javier Mu�oz (inactive)","Jose Luis Gonzalez (inactive)"
"FILUK","Joensuu (Lukkotie 9)","Maiju Laukkanen","Ari Ronkainen"
"FRMON","Montrouge (avenue Marx Dormoy)","Ludovic Nomblot","Xavier Guillaume"
"USSYR","East Syracuse, NY (Corporate Cir)","Marcus Menasce","John Pereira"
"UKWIN","Winnington (Winnington Ave)","Matthew Glennie","Arash Mohsen"
