"name","u_node_id","ip_address","hardware_status","operational_status"
"00270428B328","USWAS-AAES-ANIRA (00:27:04:28:B3:28)","10.13.90.1","Installed","Operational"
"002704357F94","IDJAK-APAC-ANIRA (00:27:04:35:7F:94)","10.34.83.1","Installed","Operational"
"00270436086A","MXMXC-AAES-ANIRA (00:27:04:36:08:6A)","10.17.78.248","Installed","Operational"
"002704366756","FRVIL-EMEA-ANIRA (00:27:04:36:67:56)","10.34.209.251","Installed","Operational"
"002704366D46","BEMEL-AAES-ANIRA (00:27:04:36:6D:46)","10.70.44.3","Installed","Operational"
"002704366E9A","AUYEN-AAES-ANIRA (00:27:04:36:6E:9A)","10.34.81.3","Installed","Operational"
"002704366F58","LVRIG-EMEA-ANIRA (00:27:04:36:6F:58)","10.244.132.1","Installed","Operational"
"002704366FD0","FRSAJ-AAES-ANIRA (00:27:04:36:6F:D0)","10.154.22.1","Installed","Operational"
"00270436796C","VNHCM-AAES-ANIRA (00:27:04:36:79:6C)","10.34.53.1","Installed","Operational"
"00270437A3F9","PTSEG-EMEA-ANIRA (00:27:04:37:A3:F9)","10.154.83.251","Installed","Operational"
"00270437C16D","VNVIN-APAC-ANIRA (00:27:04:37:C1:6D)","10.103.196.3","Installed","Operational"
"00270437C4FB","CZPRH-HOSP-ANIRA (00:27:04:37:C4:FB)","10.34.84.1","Installed","Operational"
"00270437C659","UKOLN-HOSP-ANIRA (00:27:04:37:C6:59)","10.239.231.232","Installed","Operational"
"00270437C7B7","FIRAH-EMEA-ANIRA (00:27:04:37:C7:B7)","10.34.85.1","Installed","Operational"
"00270437CD61","CZBRN-AAES-ANIRA (00:27:04:37:CD:61)","10.249.148.1","Installed","Operational"
"00270437D7E3","EETAL-EMEA-ANIRA (00:27:04:37:D7:E3)","10.251.92.1","Installed","Operational"
"00270437DBC1","BGVAR-EMEA-ANIRA (00:27:04:37:DB:C1)","10.16.160.1","Installed","Operational"
"00270437DC1B","SEGOT-EMEA-ANIRA (00:27:04:37:DC:1B)","10.34.151.1","Installed","Operational"
"00270437DEAF","PTAGU-EMEA-ANIRA (00:27:04:37:DE:AF)","10.104.136.251","Installed","Operational"
"00270437DF27","UKNEW-EMEA-ANIRA (00:27:04:37:DF:27)","10.103.144.3","Installed","Operational"
"00270437DF4F","UKLIS-EMEA-ANIRA (00:27:04:37:DF:4F)","10.248.252.252","Installed","Operational"
"00270437E337","UKERD-EMEA-ANIRA (00:27:04:37:E3:37)","10.103.60.3","Installed","Operational"
"00270437E9BD","AUMON-HOSP-ANIRA (00:27:04:37:E9:BD)","10.248.108.3","Installed","Operational"
"00270437F6BF","USLVG-AAES-ANIRA (00:27:04:37:F6:BF)","10.17.66.248","Installed","Operational"
"0027043805B5","USMMP-AAES-ANIRA (00:27:04:38:05:B5)","10.17.11.248","Installed","Operational"
"002704380CBD","USELP-AAES-ANIRA (00:27:04:38:0C:BD)","10.17.15.248","Installed","Operational"
"00270438227F","USPTS-AAES-ANIRA (00:27:04:38:22:7F)","10.17.42.248","Installed","Operational"
"002704382C57","USCTE-AAES-ANIRA (00:27:04:38:2C:57)","10.17.14.248","Installed","Operational"
"0027043830FD","USBLC-AAES-ANIRA (00:27:04:38:30:FD)","10.17.57.248","Installed","Operational"
"002704383D4B","USDLS-AAES-ANIRA (00:27:04:38:3D:4B)","10.17.2.248","Installed","Operational"
"002704383DE1","USAHG-AMER-ANIRA (00:27:04:38:3D:E1)","10.244.232.1","Installed","Operational"
"002704384101","USKNT-AAES-ANIRA (00:27:04:38:41:01)","10.17.54.248","Installed","Operational"
"002704384309","USHUT-AAES-ANIRA (00:27:04:38:43:09)","10.17.4.248","Installed","Operational"
"002704384787","USWSV-AAES-ANIRA (00:27:04:38:47:87)","10.17.49.248","Installed","Operational"
"00270438503D","USORN-AAES-ANIRA (00:27:04:38:50:3D)","10.17.67.248","Installed","Operational"
"002704385439","USNEW-AMER-ANIRA (00:27:04:38:54:39)","10.90.80.84","Installed","Operational"
"00270438547F","USCER-AMER-ANIRA (00:27:04:38:54:7F)","10.10.40.3","Installed","Operational"
"002704385BC3","USCHS-AAES-ANIRA (00:27:04:38:5B:C3)","10.17.6.248","Installed","Operational"
"002704385E4D","USSIM-AAES-ANIRA (00:27:04:38:5E:4D)","10.17.31.248","Installed","Operational"
"002704388995","DEBRU-AAES-ANIRA (00:27:04:38:89:95)","10.154.132.1","Installed","Operational"
"00270438A0DD","CAVAU-AMER-ANIRA (00:27:04:38:A0:DD)","10.140.9.10","Installed","Operational"
"0027043976B3","USPHN-AAES-ANIRA (00:27:04:39:76:B3)","10.17.27.248","Installed","Operational"
"0027043976BD","USCHW-AAES-ANIRA (00:27:04:39:76:BD)","10.17.82.248","Installed","Operational"
"0027043976C7","USMCA-AAES-ANIRA (00:27:04:39:76:C7)","10.17.38.248","Installed","Operational"
"002704398865","USWSS-AAES-ANIRA (00:27:04:39:88:65)","10.17.19.248","Installed","Operational"
"002704398AF9","USIRD-AMER-ANIRA (00:27:04:39:8A:F9)","10.218.10.3","Installed","Operational"
"002704398B03","USBRM-AAES-ANIRA (00:27:04:39:8B:03)","10.17.8.248","Installed","Operational"
"002704398B0D","USSHR-AAES-ANIRA (00:27:04:39:8B:0D)","10.17.44.248","Installed","Operational"
"002704398B17","USDNV-AAES-ANIRA (00:27:04:39:8B:17)","10.17.64.248","Installed","Operational"
"002704398B21","USCOS-AAES-ANIRA (00:27:04:39:8B:21)","10.17.23.248","Installed","Operational"
"002704398B35","USFOW-AAES-ANIRA (00:27:04:39:8B:35)","10.17.26.248","Installed","Operational"
"002704398B3F","USRHT-AAES-ANIRA (00:27:04:39:8B:3F)","10.17.45.248","Installed","Operational"
"002704398B49","USMNS-AAES-ANIRA (00:27:04:39:8B:49)","10.17.16.248","Installed","Operational"
"002704398B53","USNWB-AAES-ANIRA (00:27:04:39:8B:53)","10.17.60.248","Installed","Operational"
"00270439F5CF","USRAN-AAES-ANIRA (00:27:04:39:F5:CF)","10.17.58.248","Installed","Operational"
"0027043A1825","KRHWS-AAES-ANIRA (00:27:04:3A:18:25)","10.34.54.1","Installed","Operational"
"0027043A1AEB","HKSAT-AAES-ANIRA (00:27:04:3A:1A:EB)","10.34.71.1","Installed","Operational"
"0027043A1F19","PTAGQ-EMEA-ANIRA (00:27:04:3A:1F:19)","10.154.85.251","Installed","Operational"
"0027043A1F9B","NLMAA-HOSP-ANIRA (00:27:04:3A:1F:9B)","10.13.99.1","Installed","Operational"
"0027043A2257","AUHOP-APAC-ANIRA (00:27:04:3A:22:57)","10.103.116.3","Installed","Operational"
"0027043A2275","AUWIL-APAC-ANIRA (00:27:04:3A:22:75)","10.103.112.3","Installed","Operational"
"0027043A227F","AUCHE-APAC-ANIRA (00:27:04:3A:22:7F)","10.103.88.3","Installed","Operational"
"0027043A2351","NZPET-APAC-ANIRA (00:27:04:3A:23:51)","10.103.156.1","Installed","Operational"
"0027043A2437","AUFOR-APAC-ANIRA (00:27:04:3A:24:37)","10.103.96.3","Installed","Operational"
"0027043A245F","AUMIL-APAC-ANIRA (00:27:04:3A:24:5F)","10.103.104.3","Installed","Operational"
"0027043A2469","AUCLO-APAC-ANIRA (00:27:04:3A:24:69)","10.103.124.3","Installed","Operational"
"0027043A2577","NZAUK-AAES-ANIRA (00:27:04:3A:25:77)","10.34.63.1","Installed","Operational"
"0027043A2761","KRDAG-AAES-ANIRA (00:27:04:3A:27:61)","10.34.58.1","Installed","Operational"
"0027043A2789","KRANY-AAES-ANIRA (00:27:04:3A:27:89)","10.34.55.1","Installed","Operational"
"0027043A99CB","BRSOR-AMER-ANIRA (00:27:04:3A:99:CB)","10.103.228.3","Installed","Operational"
"0027043A9A39","PLGDA-EMEA-ANIRA (00:27:04:3A:9A:39)","10.253.240.6","Installed","Operational"
"0027043A9A57","COCAL-AMER-ANIRA (00:27:04:3A:9A:57)","10.236.109.1","Installed","Operational"
"0027043A9B6F","BRDIA-AMER-ANIRA (00:27:04:3A:9B:6F)","10.237.136.3","Installed","Operational"
"0027043AA5B5","COCAR-AMER-ANIRA (00:27:04:3A:A5:B5)","10.236.110.1","Installed","Operational"
"0027043AA691","BRCAM-AMER-ANIRA (00:27:04:3A:A6:91)","10.237.172.3","Installed","Operational"
"0027043AA975","COBOG-AMER-ANIRA (00:27:04:3A:A9:75)","10.246.116.1","Installed","Operational"
"0027043AAADD","BRSAL-AMER-ANIRA (00:27:04:3A:AA:DD)","10.237.100.3","Installed","Operational"
"0027043AAD17","ROBUA-AAES-ANIRA (00:27:04:3A:AD:17)","10.34.49.1","Installed","Operational"
"0027043AAFDD","CAASH-AMER-ANIRA (00:27:04:3A:AF:DD)","10.246.36.3","Installed","Operational"
"0027043AB005","CACAL-AAES-ANIRA (00:27:04:3A:B0:05)","10.17.152.248","Installed","Operational"
"0027043AB1A9","SESHQ-AAAB-ANIRA (00:27:04:3A:B1:A9)","10.63.230.252","Installed","Operational"
"0027043AB5AF","SENOR-HOSP-ANIRA (00:27:04:3A:B5:AF)","10.103.48.1","Installed","Operational"
"0027043AB613","AUAUB-APAC-ANIRA (00:27:04:3A:B6:13)","10.251.104.3","Installed","Operational"
"0027043ABB1D","AUPER-APAC-ANIRA (00:27:04:3A:BB:1D)","10.252.12.3","Installed","Operational"
"0027043ABBDB","PLDOB-EMEA-ANIRA (00:27:04:3A:BB:DB)","10.253.248.8","Installed","Operational"
"0027043ABE6F","AUDAN-AAES-ANIRA (00:27:04:3A:BE:6F)","10.34.75.3","Installed","Operational"
"0027043AC5C7","SGSIA-APAC-ANIRA (00:27:04:3A:C5:C7)","10.252.92.3","Installed","Operational"
"0027043AC7C5","USLVS-AAES-ANIRA (00:27:04:3A:C7:C5)","10.17.85.248","Installed","Operational"
"0027043ACA8B","USATN-AAES-ANIRA (00:27:04:3A:CA:8B)","10.17.5.248","Installed","Operational"
"0027043ACD47","USORD-AAES-ANIRA (00:27:04:3A:CD:47)","10.34.206.1","Installed","Operational"
"0027043ACDA1","USJCK-AAES-ANIRA (00:27:04:3A:CD:A1)","10.34.205.1","Installed","Operational"
"0027043ACE2D","USMOC-AAES-ANIRA (00:27:04:3A:CE:2D)","10.17.100.3","Installed","Operational"
"0027043ACE73","USABQ-AAES-ANIRA (00:27:04:3A:CE:73)","10.17.36.248","Installed","Operational"
"0027043AD0D5","USTAL-AAES-ANIRA (00:27:04:3A:D0:D5)","10.34.207.1","Installed","Operational"
"0027043AD0F3","USATT-AAES-ANIRA (00:27:04:3A:D0:F3)","10.17.74.248","Installed","Operational"
"0027043AD297","USBUT-AAES-ANIRA (00:27:04:3A:D2:97)","10.17.52.248","Installed","Operational"
"0027043AD5F3","USPOR-AAES-ANIRA (00:27:04:3A:D5:F3)","10.17.70.248","Installed","Operational"
"0027043ADA35","USJAC-AAES-ANIRA (00:27:04:3A:DA:35)","10.17.12.248","Installed","Operational"
"0027043AEBA1","USTMP-AAES-ANIRA (00:27:04:3A:EB:A1)","10.34.208.1","Installed","Operational"
"0027043AED63","ESBAH-HOSP-ANIRA (00:27:04:3A:ED:63)","10.241.24.1","Installed","Operational"
"0027043AEDEF","LTVIL-EMEA-ANIRA (00:27:04:3A:ED:EF)","10.244.248.1","Installed","Operational"
"0027043AF3CB","FRBLE-AAES-ANIRA (00:27:04:3A:F3:CB)","10.154.20.6","Installed","Operational"
"0027043AF46B","FRMON-EMEA-ANIRA (00:27:04:3A:F4:6B)","10.103.191.243","Installed","Operational"
"0027043AF4D9","VNHOC-APAC-ANIRA (00:27:04:3A:F4:D9)","10.129.80.3","Installed","Operational"
"0027043AF623","ITIBM-EMEA-ANIRA (00:27:04:3A:F6:23)","10.34.242.1","Installed","Operational"
"0027043BA1A7","NZSYB-AAES-ANIRA (00:27:04:3B:A1:A7)","10.237.238.1","Installed","Operational"
"0027043BA3C3","SGSIH-HOSP-ANIRA (00:27:04:3B:A3:C3)","10.242.24.1","Installed","Operational"
"0027043BA3EB","SGSIE-AAES-ANIRA (00:27:04:3B:A3:EB)","10.249.108.5","Installed","Operational"
"0027043BA7D3","NZWEB-AAES-ANIRA (00:27:04:3B:A7:D3)","10.237.237.1","Installed","Operational"
"0027043BA7F1","JPTOO-HOSP-ANIRA (00:27:04:3B:A7:F1)","10.242.56.1","Installed","Operational"
"0027043BA841","FIESP-AAES-ANIRA (00:27:04:3B:A8:41)","10.70.30.3","Installed","Operational"
"0027043BAA2B","FRROA-AAES-ANIRA (00:27:04:3B:AA:2B)","10.154.13.1","Installed","Operational"
"0027043BACFB","FRALT-AAES-ANIRA (00:27:04:3B:AC:FB)","10.154.15.1","Installed","Operational"
"0027043BAE13","NOOSL-AAES-ANIRA (00:27:04:3B:AE:13)","10.70.48.3","Installed","Operational"
"0027043BB205","UKSOT-AAES-ANIRA (00:27:04:3B:B2:05)","10.34.67.1","Installed","Operational"
"0027043BB273","UKWIN-AAES-ANIRA (00:27:04:3B:B2:73)","10.34.68.1","Installed","Operational"
"0027043BB5C5","UKSOL-HOSP-ANIRA (00:27:04:3B:B5:C5)","10.103.224.1","Installed","Operational"
"0027043BB6C9","UKWOK-EMEA-ANIRA (00:27:04:3B:B6:C9)","10.253.62.3","Installed","Operational"
"0027043C57AF","USTCA-AAES-ANIRA (00:27:04:3C:57:AF)","10.134.8.18","Installed","Operational"
"0027043C64BB","USBOC-AAES-ANIRA (00:27:04:3C:64:BB)","10.252.184.1","Installed","Operational"
"0027043C6E25","USTUL-AAES-ANIRA (00:27:04:3C:6E:25)","10.254.9.99","Installed","Operational"
"0027043C7069","CATOR-AAES-ANIRA (00:27:04:3C:70:69)","10.17.55.248","Installed","Operational"
"0027043C71D1","CAPOR-AAES-ANIRA (00:27:04:3C:71:D1)","10.244.80.2","Installed","Operational"
"0027043C71DB","CAVAG-AAES-ANIRA (00:27:04:3C:71:DB)","10.239.108.2","Installed","Operational"
"0027043C71E5","CAPRI-AAES-ANIRA (00:27:04:3C:71:E5)","10.237.246.1","Installed","Operational"
"0027043C71EF","CAKAM-AAES-ANIRA (00:27:04:3C:71:EF)","10.237.132.1","Installed","Operational"
"0027043C71F9","CAKEM-AAES-ANIRA (00:27:04:3C:71:F9)","10.237.128.1","Installed","Operational"
"0027043C7CCB","CALAS-AMER-ANIRA (00:27:04:3C:7C:CB)","10.154.53.1","Installed","Operational"
"0027043C803B","CABUR-EMEA-ANIRA (00:27:04:3C:80:3B)","10.244.148.1","Installed","Operational"
"0027043C83D3","UKBAS-HID-ANIRA (00:27:04:3C:83:D3)","10.103.128.251","Installed","Operational"
"0027043C92FB","PTPOR-AAES-ANIRA (00:27:04:3C:92:FB)","10.248.28.1","Installed","Operational"
"0027043D777F","USKEW-AMER-ANIRA (00:27:04:3D:77:7F)","10.34.86.1","Installed","Operational"
"0027043D79CD","USPEH-AAES-ANIRA (00:27:04:3D:79:CD)","10.236.116.1","Installed","Operational"
"0027043D79D7","USPRT-AAES-ANIRA (00:27:04:3D:79:D7)","10.63.21.1","Installed","Operational"
"0027043D79E1","USRID-AAES-ANIRA (00:27:04:3D:79:E1)","10.103.20.1","Installed","Operational"
"0027043D79EB","USRMD-AAES-ANIRA (00:27:04:3D:79:EB)","10.17.13.248","Installed","Operational"
"0027043D79FF","USNAS-AAES-ANIRA (00:27:04:3D:79:FF)","10.17.9.248","Installed","Operational"
"0027043D7BD5","USLUB-AAES-ANIRA (00:27:04:3D:7B:D5)","10.17.34.248","Installed","Operational"
"0027043D7BDF","USKNX-AAES-ANIRA (00:27:04:3D:7B:DF)","10.17.18.248","Installed","Operational"
"0027043D7BE9","USFRM-AAES-ANIRA (00:27:04:3D:7B:E9)","10.17.71.248","Installed","Operational"
"0027043D7BF3","USHIC-AAES-ANIRA (00:27:04:3D:7B:F3)","10.237.181.1","Installed","Operational"
"0027043D7C07","USGRE-AAES-ANIRA (00:27:04:3D:7C:07)","10.13.94.2","Installed","Operational"
"0027043D7C11","USELR-AAES-ANIRA (00:27:04:3D:7C:11)","10.17.24.248","Installed","Operational"
"0027043D7CB1","USRLG-AAES-ANIRA (00:27:04:3D:7C:B1)","10.234.240.1","Installed","Operational"
"0027043D7CC5","USNSH-AAES-ANIRA (00:27:04:3D:7C:C5)","10.236.127.1","Installed","Operational"
"0027043D7CE3","USRAL-AAES-ANIRA (00:27:04:3D:7C:E3)","10.17.17.248","Installed","Operational"
"0027043D7DD3","USELO-AAES-ANIRA (00:27:04:3D:7D:D3)","10.34.197.1","Installed","Operational"
"0027043D7DDD","USCHN-AAES-ANIRA (00:27:04:3D:7D:DD)","10.236.120.1","Installed","Operational"
"0027043D85E9","USBRS-AAES-ANIRA (00:27:04:3D:85:E9)","10.17.59.248","Installed","Operational"
"0027043D85FD","USCEL-AAES-ANIRA (00:27:04:3D:85:FD)","10.17.21.248","Installed","Operational"
"0027043D8607","USBLU-AAES-ANIRA (00:27:04:3D:86:07)","10.17.25.248","Installed","Operational"
"0027043D8611","USADD-AAES-ANIRA (00:27:04:3D:86:11)","10.17.56.249","Installed","Operational"
"0027043D8675","USSHA-AAES-ANIRA (00:27:04:3D:86:75)","10.17.140.3","Installed","Operational"
"0027043D86CF","USHRR-HOSP-ANIRA (00:27:04:3D:86:CF)","10.103.56.1","Installed","Operational"
"0027043D87FB","USNJW-EMEA-ANIRA (00:27:04:3D:87:FB)","10.253.208.1","Installed","Operational"
"0027043DB0FF","CNSUZ-AAES-ANIRA (00:27:04:3D:B0:FF)","10.249.104.4","Installed","Operational"
"0027043DB4AB","CNKUN-AAES-ANIRA (00:27:04:3D:B4:AB)","10.70.188.6","Installed","Operational"
"0027043DB4B5","CNSHH-AAES-ANIRA (00:27:04:3D:B4:B5)","10.34.125.1","Installed","Operational"
"0027043DB5AF","CNNAN-AAES-ANIRA (00:27:04:3D:B5:AF)","10.34.127.2","Installed","Operational"
"0027043DB6E5","CNCHN-AAES-ANIRA (00:27:04:3D:B6:E5)","10.34.128.1","Installed","Operational"
"0027043DB721","CNSHE-AAES-ANIRA (00:27:04:3D:B7:21)","10.34.126.1","Installed","Operational"
"0027043DBA41","CNSHN-AMER-ANIRA (00:27:04:3D:BA:41)","10.104.6.1","Installed","Operational"
"0027043DBC67","TRISA-AAES-ANIRA (00:27:04:3D:BC:67)","10.34.165.1","Installed","Operational"
"0027043DBCA3","TRKOC-AAES-ANIRA (00:27:04:3D:BC:A3)","10.34.59.1","Installed","Operational"
"0027043DBCAD","TRTUZ-AAES-ANIRA (00:27:04:3D:BC:AD)","10.253.88.1","Installed","Operational"
"0027043DBCB7","TRIST-AAES-ANIRA (00:27:04:3D:BC:B7)","10.253.84.1","Installed","Operational"
"0027043DBF87","INEMB-HID-ANIRA (00:27:04:3D:BF:87)","10.40.15.2","Installed","Operational"
"0027043DBF91","INBLR-HID-ANIRA (00:27:04:3D:BF:91)","10.254.5.251","Installed","Operational"
"0027043DC42D","PTLIS-HOSP-ANIRA (00:27:04:3D:C4:2D)","10.241.16.1","Installed","Operational"
"0027043DC455","BELIE-AAES-ANIRA (00:27:04:3D:C4:55)","10.129.236.3","Installed","Operational"
"0027043DC76B","FRCES-AAES-ANIRA (00:27:04:3D:C7:6B)","10.154.21.6","Installed","Operational"
"0027043DC94B","FRLEP-AAES-ANIRA (00:27:04:3D:C9:4B)","10.104.100.6","Installed","Operational"
"0027043DCFF9","MYPEN-APAC-ANIRA (00:27:04:3D:CF:F9)","10.245.252.1","Installed","Operational"
"0027043DD0A3","MYPET-AAES-ANIRA (00:27:04:3D:D0:A3)","10.34.22.1","Installed","Operational"
"0027043DD0B7","MYJOH-APAC-ANIRA (00:27:04:3D:D0:B7)","10.245.248.1","Installed","Operational"
"0027043DD0E9","MYKUB-APAC-ANIRA (00:27:04:3D:D0:E9)","10.245.244.3","Installed","Operational"
"0027043DD585","UKSHE-AAES-ANIRA (00:27:04:3D:D5:85)","10.70.70.3","Installed","Operational"
"0027043DDC15","NLGOR-HOSP-ANIRA (00:27:04:3D:DC:15)","10.13.98.1","Installed","Operational"
"0027043DDD0F","PTLEC-EMEA-ANIRA (00:27:04:3D:DD:0F)","10.248.180.250","Installed","Operational"
"0027043DDD19","PLGLO-AAES-ANIRA (00:27:04:3D:DD:19)","10.34.154.1","Installed","Operational"
"0027043DDD23","PLZIL-AAES-ANIRA (00:27:04:3D:DD:23)","10.70.128.1","Installed","Operational"
"0027043DDD2D","PLMIK-EMEA-ANIRA (00:27:04:3D:DD:2D)","10.132.6.1","Installed","Operational"
"0027043DDD41","ROHUN-AAES-ANIRA (00:27:04:3D:DD:41)","10.70.72.3","Installed","Operational"
"0027043DDD4B","PLWAE-AAES-ANIRA (00:27:04:3D:DD:4B)","10.70.50.3","Installed","Operational"
"0027043DDD55","NLBER-HOSP-ANIRA (00:27:04:3D:DD:55)","10.34.80.1","Installed","Operational"
"0027043DDD5F","ROBUC-HOSP-ANIRA (00:27:04:3D:DD:5F)","10.34.149.1","Installed","Operational"
"0027043DDD69","PLKAT-AAES-ANIRA (00:27:04:3D:DD:69)","10.34.72.1","Installed","Operational"
"0027043DDDD7","HUBUG-AAES-ANIRA (00:27:04:3D:DD:D7)","10.249.152.1","Installed","Operational"
"0027043DDDF5","NLEDE-AAES-ANIRA (00:27:04:3D:DD:F5)","10.249.156.5","Installed","Operational"
"0027043DDDFF","NLBAR-AAES-ANIRA (00:27:04:3D:DD:FF)","10.19.0.10","Installed","Operational"
"0027043DDE8B","PTCHA-AAES-ANIRA (00:27:04:3D:DE:8B)","10.249.220.1","Installed","Operational"
"0027043DDE9F","IESHA-HID-ANIRA (00:27:04:3D:DE:9F)","10.103.52.252","Installed","Operational"
"0027043DDEEF","DKHOB-AAES-ANIRA (00:27:04:3D:DE:EF)","10.70.28.3","Installed","Operational"
"0027043DDEF9","DEERK-AAES-ANIRA (00:27:04:3D:DE:F9)","10.104.172.3","Installed","Operational"
"0027043DDF67","DEWEN-AAES-ANIRA (00:27:04:3D:DF:67)","10.70.39.3","Installed","Operational"
"0027043DDF71","ESMAD-AAES-ANIRA (00:27:04:3D:DF:71)","10.249.204.9","Installed","Operational"
"0027043DDF7B","DEOBE-AAES-ANIRA (00:27:04:3D:DF:7B)","10.34.160.1","Installed","Operational"
"0027043DDF85","ESBAS-AAES-ANIRA (00:27:04:3D:DF:85)","10.70.222.1","Installed","Operational"
"0027043DDF8F","SESKE-AAES-ANIRA (00:27:04:3D:DF:8F)","10.70.62.3","Installed","Operational"
"0027043DDF99","SELID-AAES-ANIRA (00:27:04:3D:DF:99)","10.34.44.1","Installed","Operational"
"0027043DDFA3","ESMAT-AAES-ANIRA (00:27:04:3D:DF:A3)","10.34.164.1","Installed","Operational"
"0027043DDFAD","SEHAL-HOSP-ANIRA (00:27:04:3D:DF:AD)","10.129.36.1","Installed","Operational"
"0027043DDFF3","SEHOS-HOSP-ANIRA (00:27:04:3D:DF:F3)","10.241.50.1","Installed","Operational"
"0027043DE15B","NLBLA-EMEA-ANIRA (00:27:04:3D:E1:5B)","10.70.115.1","Installed","Operational"
"0027043DE165","NLTER-AAES-ANIRA (00:27:04:3D:E1:65)","10.70.47.3","Installed","Operational"
"0027043DE18D","NLHEE-AAES-ANIRA (00:27:04:3D:E1:8D)","10.152.2.7","Installed","Operational"
"0027043DE197","NOMJO-AAES-ANIRA (00:27:04:3D:E1:97)","10.132.11.1","Installed","Operational"
"0027043DE1A1","FRLIE-AAES-ANIRA (00:27:04:3D:E1:A1)","10.16.184.3","Installed","Operational"
"0027043DE1B5","FRDUS-AAES-ANIRA (00:27:04:3D:E1:B5)","10.16.180.3","Installed","Operational"
"0027043DE1D3","SEVAS-AAES-ANIRA (00:27:04:3D:E1:D3)","10.70.66.3","Installed","Operational"
"0027043DE1DD","SEUME-AAES-ANIRA (00:27:04:3D:E1:DD)","10.70.157.1","Installed","Operational"
"0027043DE1E7","CHBUR-AAES-ANIRA (00:27:04:3D:E1:E7)","10.34.65.1","Installed","Operational"
"0027043DE1F1","SEJAR-AAES-ANIRA (00:27:04:3D:E1:F1)","10.249.112.3","Installed","Operational"
"0027043DE205","CHMON-AAES-ANIRA (00:27:04:3D:E2:05)","10.70.158.1","Installed","Operational"
"0027043DE20F","ESSEE-AAES-ANIRA (00:27:04:3D:E2:0F)","10.249.216.1","Installed","Operational"
"0027043DE24B","HUDEB-AAES-ANIRA (00:27:04:3D:E2:4B)","10.16.248.12","Installed","Operational"
"0027043DE273","CZPRE-AAES-ANIRA (00:27:04:3D:E2:73)","10.249.144.1","Installed","Operational"
"0027043DE27D","CZOST-AAES-ANIRA (00:27:04:3D:E2:7D)","10.251.196.8","Installed","Operational"
"0027043DE287","DKRIN-AAES-ANIRA (00:27:04:3D:E2:87)","10.129.120.3","Installed","Operational"
"0027043DE291","DKODE-AAES-ANIRA (00:27:04:3D:E2:91)","10.129.216.3","Installed","Operational"
"0027043DE2AF","PLKRA-AAAB-ANIRA (00:27:04:3D:E2:AF)","10.236.15.4","Installed","Operational"
"0027043DE2B9","BEMOO-AAES-ANIRA (00:27:04:3D:E2:B9)","10.129.212.3","Installed","Operational"
"0027043DE2D7","NOSDS-AAES-ANIRA (00:27:04:3D:E2:D7)","10.70.124.1","Installed","Operational"
"0027043DE2EB","FRSUR-HOSP-ANIRA (00:27:04:3D:E2:EB)","10.241.8.1","Installed","Operational"
"0027043DE2F5","ITCAR-AAES-ANIRA (00:27:04:3D:E2:F5)","10.253.212.102","Installed","Operational"
"0027043DE2FF","ITMIL-AAES-ANIRA (00:27:04:3D:E2:FF)","10.132.3.3","Installed","Operational"
"0027043DE309","ITBRU-AAES-ANIRA (00:27:04:3D:E3:09)","10.132.2.102","Installed","Operational"
"0027043DE313","ITBRE-AAES-ANIRA (00:27:04:3D:E3:13)","10.34.56.1","Installed","Operational"
"0027043DE31D","CZPIL-AAES-ANIRA (00:27:04:3D:E3:1D)","10.129.40.3","Installed","Operational"
"0027043DE327","CZKOS-AAES-ANIRA (00:27:04:3D:E3:27)","10.16.188.3","Installed","Operational"
"0027043DE33B","ITQUA-AAES-ANIRA (00:27:04:3D:E3:3B)","10.129.56.100","Installed","Operational"
"0027043DE345","DEHAM-AAES-ANIRA (00:27:04:3D:E3:45)","10.34.161.1","Installed","Operational"
"0027043DE38B","AUBRJ-AAES-ANIRA (00:27:04:3D:E3:8B)","10.34.11.3","Installed","Operational"
"0027043DE39F","FRSAI-AAES-ANIRA (00:27:04:3D:E3:9F)","10.34.13.1","Installed","Operational"
"0027043DE421","ATWIE-AAES-ANIRA (00:27:04:3D:E4:21)","10.70.210.3","Installed","Operational"
"0027043DE435","SISEN-EMEA-ANIRA (00:27:04:3D:E4:35)","10.249.16.1","Installed","Operational"
"0027043DE471","BELID-AAES-ANIRA (00:27:04:3D:E4:71)","10.34.120.1","Installed","Operational"
"0027043DE6C9","FIJOE-EMEA-ANIRA (00:27:04:3D:E6:C9)","10.251.96.12","Installed","Operational"
"0027043E8DCB","USGRA-AAES-ANIRA (00:27:04:3E:8D:CB)","10.17.72.248","Installed","Operational"
"0027043EB11B","USLOU-AAES-ANIRA (00:27:04:3E:B1:1B)","10.154.39.1","Installed","Operational"
"0027043EFAEF","USCOH-AAES-ANIRA (00:27:04:3E:FA:EF)","10.154.96.1","Installed","Operational"
"0027043EFC43","USKRN-AAES-ANIRA (00:27:04:3E:FC:43)","10.17.1.248","Installed","Operational"
"002704402875","UKLIT-EMEA-ANIRA (00:27:04:40:28:75)","10.154.104.1","Installed","Operational"
"002704402951","BRDIB-AMER-ANIRA (00:27:04:40:29:51)","10.104.160.3","Installed","Operational"
"002704402AC3","MXREY-AAES-ANIRA (00:27:04:40:2A:C3)","10.134.171.254","Installed","Operational"
"0027044033E7","MXLEO-AMER-ANIRA (00:27:04:40:33:E7)","10.103.44.1","Installed","Operational"
"002704403B5D","AEDUB-HOSP-ANIRA (00:27:04:40:3B:5D)","10.34.57.1","Installed","Operational"
"002704403B71","AEDSS-EMEA-ANIRA (00:27:04:40:3B:71)","10.252.103.241","Installed","Operational"
"002704403B85","AEINV-AAES-ANIRA (00:27:04:40:3B:85)","10.34.46.1","Installed","Operational"
"002704403D01","CLODI-AMER-ANIRA (00:27:04:40:3D:01)","10.244.230.101","Installed","Operational"
"002704403D47","ESSFH-HOSP-ANIRA (00:27:04:40:3D:47)","10.34.248.1","Installed","Operational"
"002704403FEF","BEHER-HOSP-ANIRA (00:27:04:40:3F:EF)","10.154.106.1","Installed","Operational"
"0027044042BF","UKCHE-EMEA-ANIRA (00:27:04:40:42:BF)","10.129.17.3","Installed","Operational"
"00270440489B","UKWEL-HOSP-ANIRA (00:27:04:40:48:9B)","10.78.2.1","Installed","Operational"
"0027044048B9","MXAGA-AAES-ANIRA (00:27:04:40:48:B9)","10.17.113.248","Installed","Operational"
"0027044048C3","MXCHI-AAES-ANIRA (00:27:04:40:48:C3)","10.17.137.248","Installed","Operational"
"0027044048CD","MXMOR-AAES-ANIRA (00:27:04:40:48:CD)","10.17.79.248","Installed","Operational"
"00270440E531","USUPP-AAES-ANIRA (00:27:04:40:E5:31)","10.34.246.1","Installed","Operational"
"0027044116F5","FRROM-EMEA-ANIRA (00:27:04:41:16:F5)","10.133.185.251","Installed","Operational"
"00270441182B","PLWAR-EMEA-ANIRA (00:27:04:41:18:2B)","10.253.244.1","Installed","Operational"
"002704411853","NLAME-EMEA-ANIRA (00:27:04:41:18:53)","10.129.112.1","Installed","Operational"
"002704411993","FIOUL-EMEA-ANIRA (00:27:04:41:19:93)","10.251.69.1","Installed","Operational"
"0027044119CF","DEEFT-EMEA-ANIRA (00:27:04:41:19:CF)","10.253.4.1","Installed","Operational"
"0027044119ED","CZRYC-EMEA-ANIRA (00:27:04:41:19:ED)","10.248.59.231","Installed","Operational"
"002704411A0B","CZPRA-EMEA-ANIRA (00:27:04:41:1A:0B)","10.103.176.6","Installed","Operational"
"002704411A15","HRMET-EMEA-ANIRA (00:27:04:41:1A:15)","10.63.10.1","Installed","Operational"
"002704411AC9","BEBRU-EMEA-ANIRA (00:27:04:41:1A:C9)","10.246.140.235","Installed","Operational"
"002704411AF1","FRSEY-AAES-ANIRA (00:27:04:41:1A:F1)","10.154.27.1","Installed","Operational"
"002704411B2D","FRCHA-AAES-ANIRA (00:27:04:41:1B:2D)","10.104.104.6","Installed","Operational"
"002704411B4B","FRCIO-EMEA-ANIRA (00:27:04:41:1B:4B)","10.34.132.1","Installed","Operational"
"002704411B55","FRTRO-EMEA-ANIRA (00:27:04:41:1B:55)","10.106.255.3","Installed","Operational"
"002704411B5F","FROUS-EMEA-ANIRA (00:27:04:41:1B:5F)","10.11.255.3","Installed","Operational"
"002704411B87","FRBRO-EMEA-ANIRA (00:27:04:41:1B:87)","10.133.182.1","Installed","Operational"
"002704411B91","FRSAV-EMEA-ANIRA (00:27:04:41:1B:91)","10.12.127.3","Installed","Operational"
"002704411C1D","ESIRV-EMEA-ANIRA (00:27:04:41:1C:1D)","10.248.196.251","Installed","Operational"
"002704411C27","ESIRA-EMEA-ANIRA (00:27:04:41:1C:27)","10.248.160.250","Installed","Operational"
"002704411C3B","NLRDV-EMEA-ANIRA (00:27:04:41:1C:3B)","10.162.3.4","Installed","Operational"
"002704411C59","PLLES-EMEA-ANIRA (00:27:04:41:1C:59)","10.129.60.5","Installed","Operational"
"002704411C6D","CZHAS-EMEA-ANIRA (00:27:04:41:1C:6D)","10.129.96.1","Installed","Operational"
"002704411C77","FIVAR-EMEA-ANIRA (00:27:04:41:1C:77)","10.251.68.1","Installed","Operational"
"002704411C81","FITUR-EMEA-ANIRA (00:27:04:41:1C:81)","10.13.91.1","Installed","Operational"
"002704411C95","FILUK-EMEA-ANIRA (00:27:04:41:1C:95)","10.251.70.3","Installed","Operational"
"002704411C9F","PTAMA-EMEA-ANIRA (00:27:04:41:1C:9F)","10.248.248.1","Installed","Operational"
"002704411CA9","PLPLO-EMEA-ANIRA (00:27:04:41:1C:A9)","10.34.186.4","Installed","Operational"
"002704411CDB","ATVIE-EMEA-ANIRA (00:27:04:41:1C:DB)","10.253.23.251","Installed","Operational"
"002704411CEF","HRZAG-EMEA-ANIRA (00:27:04:41:1C:EF)","10.63.11.1","Installed","Operational"
"002704411CF9","BENIU-EMEA-ANIRA (00:27:04:41:1C:F9)","10.247.196.235","Installed","Operational"
"002704411D03","ESBAB-EMEA-ANIRA (00:27:04:41:1D:03)","10.249.56.254","Installed","Operational"
"002704411D0D","HUBUD-EMEA-ANIRA (00:27:04:41:1D:0D)","10.34.145.1","Installed","Operational"
"002704411D17","ITSGP-EMEA-ANIRA (00:27:04:41:1D:17)","10.253.127.243","Installed","Operational"
"002704411D21","SEORE-AAES-ANIRA (00:27:04:41:1D:21)","10.70.153.1","Installed","Operational"
"002704411D2B","HUSZE-EMEA-ANIRA (00:27:04:41:1D:2B)","10.16.192.6","Installed","Operational"
"002704411EF7","SGSIB-APAC-ANIRA (00:27:04:41:1E:F7)","10.247.112.1","Installed","Operational"
"002704411F01","AUMEN-APAC-ANIRA (00:27:04:41:1F:01)","10.239.60.4","Installed","Operational"
"002704411F0B","JPTOK-APAC-ANIRA (00:27:04:41:1F:0B)","10.251.220.1","Installed","Operational"
"002704411F1F","JPOSA-APAC-ANIRA (00:27:04:41:1F:1F)","10.245.152.1","Installed","Operational"
"002704411F29","THBAA-APAC-ANIRA (00:27:04:41:1F:29)","10.252.132.3","Installed","Operational"
"002704411F51","ITMTL-EMEA-ANIRA (00:27:04:41:1F:51)","10.239.104.1","Installed","Operational"
"002704412019","ZAIDS-EMEA-ANIRA (00:27:04:41:20:19)","10.252.125.1","Installed","Operational"
"002704412145","PLWKA-EMEA-ANIRA (00:27:04:41:21:45)","10.134.12.1","Installed","Operational"
"002704412267","AULAN-AAES-ANIRA (00:27:04:41:22:67)","10.34.236.1","Installed","Operational"
"00270441231B","ESOLI-AAES-ANIRA (00:27:04:41:23:1B)","10.34.156.1","Installed","Operational"
"002704412339","AUCRE-AAES-ANIRA (00:27:04:41:23:39)","10.34.235.1","Installed","Operational"
"002704412343","ITVAL-EMEA-ANIRA (00:27:04:41:23:43)","10.253.203.241","Installed","Operational"
"00270441239D","NLDRI-HOSP-ANIRA (00:27:04:41:23:9D)","10.34.254.112","Installed","Operational"
"00270441241F","AUCOO-AAES-ANIRA (00:27:04:41:24:1F)","10.34.234.1","Installed","Operational"
"002704412433","DESUR-AAES-ANIRA (00:27:04:41:24:33)","10.34.12.1","Installed","Operational"
"002704413AEF","AUHEN-APAC-ANIRA (00:27:04:41:3A:EF)","10.104.88.3","Installed","Operational"
"002704413B35","HKKOA-APAC-ANIRA (00:27:04:41:3B:35)","10.251.160.1","Installed","Operational"
"002704413D6F","FRNOR-AAES-ANIRA (00:27:04:41:3D:6F)","10.154.18.1","Installed","Operational"
"002704413D83","AUBRI-HOSP-ANIRA (00:27:04:41:3D:83)","10.242.48.1","Installed","Operational"
"002704413D8D","AUCLA-AAES-ANIRA (00:27:04:41:3D:8D)","10.246.136.3","Installed","Operational"
"002704413DE7","KRGUN-APAC-ANIRA (00:27:04:41:3D:E7)","10.129.136.1","Installed","Operational"
"002704413F09","CAMIE-AAES-ANIRA (00:27:04:41:3F:09)","10.252.200.2","Installed","Operational"
"00270441405D","SADAM-AAES-ANIRA (00:27:04:41:40:5D)","10.34.157.1","Installed","Operational"
"002704414139","FRSIX-AAES-ANIRA (00:27:04:41:41:39)","10.154.31.1","Installed","Operational"
"00270441414D","FRTOU-AAES-ANIRA (00:27:04:41:41:4D)","10.154.34.1","Installed","Operational"
"002704414251","HKKWU-AAGS-ANIRA (00:27:04:41:42:51)","10.242.2.1","Installed","Operational"
"0027044142BF","HUDEK-AAES-ANIRA (00:27:04:41:42:BF)","10.34.247.1","Installed","Operational"
"0027044142C9","DEMAH-AAES-ANIRA (00:27:04:41:42:C9)","10.104.60.3","Installed","Operational"
"0027044142FB","DEWUP-AAES-ANIRA (00:27:04:41:42:FB)","10.9.248.3","Installed","Operational"
"002704414319","DESCH-AAES-ANIRA (00:27:04:41:43:19)","10.34.8.1","Installed","Operational"
"0027044144B3","KRILS-APAC-ANIRA (00:27:04:41:44:B3)","10.129.192.1","Installed","Operational"
"0027044144D1","KRBUC-AAES-ANIRA (00:27:04:41:44:D1)","10.129.184.5","Installed","Operational"
"0027044144DB","KRSIH-APAC-ANIRA (00:27:04:41:44:DB)","10.247.116.3","Installed","Operational"
"0027044144EF","KRDAW-APAC-ANIRA (00:27:04:41:44:EF) ","10.129.196.3","Installed","Operational"
"00270441450D","KRDAE-APAC-ANIRA (00:27:04:41:45:0D)","10.245.204.3","Installed","Operational"
"0027044149E5","UKHEM-AAES-ANIRA (00:27:04:41:49:E5)","10.10.6.1","Installed","Operational"
"0027044149EF","UKCOL-AAES-ANIRA (00:27:04:41:49:EF)","10.10.8.1","Installed","Operational"
"0027044149F9","UKFAR-AAES-ANIRA (00:27:04:41:49:F9)","10.10.7.1","Installed","Operational"
"002704414A03","UKBLA-AAES-ANIRA (00:27:04:41:4A:03)","10.10.9.3","Installed","Operational"
"002704414A0D","UKDEW-AAES-ANIRA (00:27:04:41:4A:0D)","10.10.4.1","Installed","Operational"
"002704414B39","SKSHE-EMEA-ANIRA (00:27:04:41:4B:39)","10.129.244.1","Installed","Operational"
"002704414B43","AUTOW-APAC-ANIRA (00:27:04:41:4B:43)","10.252.16.1","Installed","Operational"
"002704414C6F","DEMOR-AAES-ANIRA (00:27:04:41:4C:6F)","10.154.131.1","Installed","Operational"
"002704414C79","ESSMV-HOSP-ANIRA (00:27:04:41:4C:79)","10.154.44.1","Installed","Operational"
"002704414D69","AUCAO-APAC-ANIRA (00:27:04:41:4D:69)","10.104.92.3","Installed","Operational"
"002704414E8B","FRVOG-AAES-ANIRA (00:27:04:41:4E:8B)","10.154.24.3","Installed","Operational"
"002704414EEF","FRMAR-AAES-ANIRA (00:27:04:41:4E:EF)","10.154.40.1","Installed","Operational"
"002704415039","FRVAL-AAES-ANIRA (00:27:04:41:50:39)","10.154.14.1","Installed","Operational"
"00270442B9B5","USDES-AAES-ANIRA (00:27:04:42:B9:B5)","10.17.96.248","Installed","Operational"
"00270442C743","USMON-AMER-ANIRA (00:27:04:42:C7:43)","10.21.0.3","Installed","Operational"
"00270442D12F","USBAX-AMER-ANIRA (00:27:04:42:D1:2F)","10.245.68.3","Installed","Operational"
"00270442D25B","USEAS-AMER-ANIRA (00:27:04:42:D2:5B)","10.252.20.3","Installed","Operational"
"00270442D265","USGAR-AMER-ANIRA (00:27:04:42:D2:65)","10.246.224.1","Installed","Operational"
"00270442D283","USELM-AMER-ANIRA (00:27:04:42:D2:83)","10.239.146.4","Installed","Operational"
"00270442D2BF","USDIS-AMER-ANIRA (00:27:04:42:D2:BF)","10.100.16.5","Installed","Operational"
"00270442D5D5","USORO-AAES-ANIRA (00:27:04:42:D5:D5)","10.239.150.1","Installed","Operational"
"00270442D9B3","USCRL-AMER-ANIRA (00:27:04:42:D9:B3)","10.34.196.5","Installed","Operational"
"00270442D9BD","USCAR-AMER-ANIRA (00:27:04:42:D9:BD)","10.246.220.1","Installed","Operational"
"00270442D9EF","USCTY-AMER-ANIRA (00:27:04:42:D9:EF)","10.10.30.2","Installed","Operational"
"00270442DA85","USKEN-AMER-ANIRA (00:27:04:42:DA:85)","10.249.240.3","Installed","Operational"
"00270442DBBB","USLOD-AMER-ANIRA (00:27:04:42:DB:BB)","10.244.208.87","Installed","Operational"
"00270442DBC5","USMIL-AMER-ANIRA (00:27:04:42:DB:C5)","10.2.0.4","Installed","Operational"
"00270442DBD9","USHAR-AMER-ANIRA (00:27:04:42:DB:D9)","10.249.48.1","Installed","Operational"
"00270442DBF7","USIRA-AMER-ANIRA (00:27:04:42:DB:F7)","10.246.128.3","Installed","Operational"
"00270442DC01","USSOM-AMER-ANIRA (00:27:04:42:DC:01)","10.155.4.1","Installed","Operational"
"00270442DC1F","USROC-AMER-ANIRA (00:27:04:42:DC:1F)","10.245.76.150","Installed","Operational"
"00270442DC29","USNWT-AMER-ANIRA (00:27:04:42:DC:29)","10.34.195.200","Installed","Operational"
"0027044329D1","IEBAL-AAES-ANIRA (00:27:04:43:29:D1)","10.129.232.1","Installed","Operational"
"0027044329DB","IENRO-AAES-ANIRA (00:27:04:43:29:DB)","10.34.148.1","Installed","Operational"
"002704433007","IEDUB-EMEA-ANIRA (00:27:04:43:30:07)","10.70.225.1","Installed","Operational"
"002704433327","FRSAR-AAES-ANIRA (00:27:04:43:33:27)","10.154.26.6","Installed","Operational"
"0027044335ED","ITEUR-EMEA-ANIRA (00:27:04:43:35:ED)","10.253.128.9","Installed","Operational"
"00270443392B","TWTAP-APAC-ANIRA (00:27:04:43:39:2B)","10.239.204.1","Installed","Operational"
"002704433999","THBAG-HOSP-ANIRA (00:27:04:43:39:99)","10.242.34.1","Installed","Operational"
"002704433B47","DEHAL-AAES-ANIRA (00:27:04:43:3B:47)","10.70.168.1","Installed","Operational"
"002704433C4B","ATNIE-AAES-ANIRA (00:27:04:43:3C:4B)","10.70.74.1","Installed","Operational"
"002704433C5F","SEJON-AAES-ANIRA (00:27:04:43:3C:5F)","10.34.118.3","Installed","Operational"
"002704433D81","AUBRS-APAC-ANIRA (00:27:04:43:3D:81)","10.103.204.3","Installed","Operational"
"002704433F1B","DELIP-AAES-ANIRA (00:27:04:43:3F:1B)","10.129.4.2","Installed","Operational"
"0027044340BF","DEBOC-AAES-ANIRA (00:27:04:43:40:BF)","10.154.133.1","Installed","Operational"
"00270443467D","FRVIM-AAES-ANIRA (00:27:04:43:46:7D)","10.154.41.1","Installed","Operational"
"0027044346FF","UKOLD-AAES-ANIRA (00:27:04:43:46:FF)","10.34.76.1","Installed","Operational"
"0027044348CB","FROLE-AAES-ANIRA (00:27:04:43:48:CB)","10.154.35.1","Installed","Operational"
"0027044348D5","FRAVI-AAES-ANIRA (00:27:04:43:48:D5)","10.154.32.1","Installed","Operational"
"0027044348DF","FREGU-AAES-ANIRA (00:27:04:43:48:DF)","10.154.33.1","Installed","Operational"
"002704434925","PTTRA-EMEA-ANIRA (00:27:04:43:49:25)","10.129.148.251","Installed","Operational"
"002704434A3D","CHFEH-AAES-ANIRA (00:27:04:43:4A:3D)","10.103.232.3","Installed","Operational"
"002704434D8F","PHANG-AAES-ANIRA (00:27:04:43:4D:8F)","10.103.8.1","Installed","Operational"
"002704434F47","AUEPP-AAES-ANIRA (00:27:04:43:4F:47)","10.34.24.1","Installed","Operational"
"002704434F51","CHROM-AAES-ANIRA (00:27:04:43:4F:51)","10.34.198.1","Installed","Operational"
"002704434F79","DKHVI-AAES-ANIRA (00:27:04:43:4F:79)","10.34.34.1","Installed","Operational"
"002704434F83","ESPIN-AAES-ANIRA (00:27:04:43:4F:83)","10.154.9.1","Installed","Operational"
"002704434F8D","PLPIA-AAES-ANIRA (00:27:04:43:4F:8D)","10.34.15.1","Installed","Operational"
"002704434F97","ESSAC-AAES-ANIRA (00:27:04:43:4F:97)","10.34.134.1","Installed","Operational"
"002704434FE7","AUSEV-AAES-ANIRA (00:27:04:43:4F:E7)","10.34.193.1","Installed","Operational"
"0027044351E5","NZCHR-APAC-ANIRA (00:27:04:43:51:E5)","10.103.152.1","Installed","Operational"
"00270443532F","IEUBL-EMEA-ANIRA (00:27:04:43:53:2F)","10.129.8.3","Installed","Operational"
"002704435343","FRNAR-AAES-ANIRA (00:27:04:43:53:43)","10.154.71.1","Installed","Operational"
"002704435401","FRSAH-EMEA-ANIRA (00:27:04:43:54:01)","10.154.54.1","Installed","Operational"
"002704435893","FIPOO-EMEA-ANIRA (00:27:04:43:58:93)","10.104.116.3","Installed","Operational"
"002704435B4F","ILYAV-EMEA-ANIRA (00:27:04:43:5B:4F)","10.200.70.4","Installed","Operational"
"002704435BF9","NZALB-APAC-ANIRA (00:27:04:43:5B:F9)","10.251.216.3","Installed","Operational"
"002704435CCB","NZTIM-APAC-ANIRA (00:27:04:43:5C:CB)","10.103.148.3","Installed","Operational"
"00270443633D","ESSAN-EMEA-ANIRA (00:27:04:43:63:3D)","10.4.156.3","Installed","Operational"
"00270443636F","ESESC-EMEA-ANIRA (00:27:04:43:63:6F)","10.248.164.252","Installed","Operational"
"002704436405","SKBRT-AAES-ANIRA (00:27:04:43:64:05)","10.154.56.1","Installed","Operational"
"002704436531","DEWIE-HOSP-ANIRA (00:27:04:43:65:31)","10.34.155.1","Installed","Operational"
"002704436851","CAVIC-HOSP-ANIRA (00:27:04:43:68:51)","10.154.105.1","Installed","Operational"
"002704436941","CZVEL-AAES-ANIRA (00:27:04:43:69:41)","10.154.100.1","Installed","Operational"
"002704436F13","MXGUA-AAES-ANIRA (00:27:04:43:6F:13)","10.17.247.248","Installed","Operational"
"002704436F45","MXMTX-AMER-ANIRA (00:27:04:43:6F:45)","10.244.12.26","Installed","Operational"
"002704436FD1","MXANI-AMER-ANIRA (00:27:04:43:6F:D1)","10.248.208.3","Installed","Operational"
"0027044372FB","CAABB-AAES-ANIRA (00:27:04:43:72:FB)","10.237.248.2","Installed","Operational"
"002704437463","CAMIT-AMER-ANIRA (00:27:04:43:74:63)","10.154.37.2","Installed","Operational"
"002704437481","COBUC-AMER-ANIRA (00:27:04:43:74:81)","10.154.36.1","Installed","Operational"
"00270443748B","MXTJN-AMER-ANIRA (00:27:04:43:74:8B)","10.245.72.2","Installed","Operational"
"0027044374D1","MXCIU-AAES-ANIRA (00:27:04:43:74:D1)","10.236.148.1","Installed","Operational"
"0027044374DB","MXCUA-AAES-ANIRA (00:27:04:43:74:DB)","10.34.189.1","Installed","Operational"
"0027044374E5","MXJAL-AAES-ANIRA (00:27:04:43:74:E5)","10.236.140.1","Installed","Operational"
"0027044374F9","MXTAM-AAES-ANIRA (00:27:04:43:74:F9)","10.236.132.1","Installed","Operational"
"002704437503","MXQUE-AAES-ANIRA (00:27:04:43:75:03)","10.236.144.1","Installed","Operational"
"00270443750D","MXNUE-AAES-ANIRA (00:27:04:43:75:0D)","10.236.136.1","Installed","Operational"
"002704437517","MXTUL-AMER-ANIRA (00:27:04:43:75:17)","10.236.100.10","Installed","Operational"
"002704437521","MXMXB-AMER-ANIRA (00:27:04:43:75:21)","10.244.225.114","Installed","Operational"
"0027044377AB","CAVDO-AMER-ANIRA (00:27:04:43:77:AB)","10.246.132.51","Installed","Operational"
"002704444C77","USDAV-AAES-ANIRA (00:27:04:44:4C:77)","10.154.42.1","Installed","Operational"
"002704445E01","USSAS-AAES-ANIRA (00:27:04:44:5E:01)","10.17.30.248","Installed","Operational"
"002704445E29","USABY-AAES-ANIRA (00:27:04:44:5E:29)","10.17.48.248","Installed","Operational"
"002704448129","USDON-AAES-ANIRA (00:27:04:44:81:29)","10.248.152.3","Installed","Operational"
"002704448C19","USNCH-AAES-ANIRA (00:27:04:44:8C:19)","10.154.51.1","Installed","Operational"
"00270444973B","CNXUH-HOSP-ANIRA (00:27:04:44:97:3B)","10.242.88.1","Installed","Operational"
"00270444988F","INJAM-EMEA-ANIRA (00:27:04:44:98:8F)","10.129.204.3","Installed","Operational"
"0027044498AD","INMUE-EMEA-ANIRA (00:27:04:44:98:AD)","10.248.16.3","Installed","Operational"
"0027044498CB","INDEL-EMEA-ANIRA (00:27:04:44:98:CB)","10.34.82.3","Installed","Operational"
"002704449C63","PHMAN-APAC-ANIRA (00:27:04:44:9C:63)","10.129.92.1","Installed","Operational"
"002704449EA7","TRIOS-EMEA-ANIRA (00:27:04:44:9E:A7)","10.34.124.1","Installed","Operational"
"00270444A5CD","NZWEA-APAC-ANIRA (00:27:04:44:A5:CD)","10.103.68.3","Installed","Operational"
"00270444A645","ZAJOP-EMEA-ANIRA (00:27:04:44:A6:45)","10.252.124.3","Installed","Operational"
"00270444A753","FRGRE-AAES-ANIRA (00:27:04:44:A7:53)","10.154.19.1","Installed","Operational"
"00270444A91F","NZAND-APAC-ANIRA (00:27:04:44:A9:1F)","10.103.100.3","Installed","Operational"
"00270444AA87","ROBUH-EMEA-ANIRA (00:27:04:44:AA:87)","10.104.108.5","Installed","Operational"
"00270444AA91","FRSAL-AAES-ANIRA (00:27:04:44:AA:91)","10.154.89.1","Installed","Operational"
"00270444AEAB","FRAUB-AAES-ANIRA (00:27:04:44:AE:AB)","10.154.29.1","Installed","Operational"
"00270444AEBF","IEGLY-HID-ANIRA (00:27:04:44:AE:BF)","10.104.124.123","Installed","Operational"
"00270444AEC9","SELAN-AAES-ANIRA (00:27:04:44:AE:C9)","10.102.0.8","Installed","Operational"
"00270444B487","CRSAN-AMER-ANIRA (00:27:04:44:B4:87)","10.34.188.3","Installed","Operational"
"00270444B833","AUMAR-APAC-ANIRA (00:27:04:44:B8:33)","10.252.28.3","Installed","Operational"
"00270444BA45","MYKUL-HID-ANIRA (00:27:04:44:BA:45)","10.254.6.11","Installed","Operational"
"00270444C75B","USAUR-AMER-ANIRA (00:27:04:44:C7:5B)","10.237.52.2","Installed","Operational"
"00270444C779","USNRC-AAES-ANIRA (00:27:04:44:C7:79)","10.17.3.248","Installed","Operational"
"00270444C7A1","USSTL-AAES-ANIRA (00:27:04:44:C7:A1)","10.17.35.253","Installed","Operational"
"00270444DEDF","USAUA-AMER-ANIRA (00:27:04:44:DE:DF)","10.252.21.2","Installed","Operational"
"00270444DFC5","USMAN-AMER-ANIRA (00:27:04:44:DF:C5)","10.239.151.1","Installed","Operational"
"00270444E001","USSTC-AMER-ANIRA (00:27:04:44:E0:01)","10.239.149.1","Installed","Operational"
"00270444E213","USSAF-AMER-ANIRA (00:27:04:44:E2:13)","10.129.124.1","Installed","Operational"
"00270444E2A9","USPHI-AMER-ANIRA (00:27:04:44:E2:A9)","10.236.96.5","Installed","Operational"
"00270444E2D1","USMOW-AMER-ANIRA (00:27:04:44:E2:D1)","10.236.32.3","Installed","Operational"
"00270444F569","USPHX-AMER-ANIRA (00:27:04:44:F5:69)","10.154.58.1","Installed","Operational"
"0027044507C5","USHTG-AMER-ANIRA (00:27:04:45:07:C5)","10.103.16.1","Installed","Operational"
"002704451639","USCTT-AAES-ANIRA (00:27:04:45:16:39)","10.237.176.3","Installed","Operational"
"002704453D8F","USPLE-AAES-ANIRA (00:27:04:45:3D:8F)","10.34.21.3","Installed","Operational"
"002704453DAD","USFRA-AAES-ANIRA (00:27:04:45:3D:AD)","10.154.1.1","Installed","Operational"
"002704453DB7","USMOO-AAES-ANIRA (00:27:04:45:3D:B7)","10.104.52.3","Installed","Operational"
"00270445D317","USNYC-EMEA-ANIRA (00:27:04:45:D3:17)","10.253.120.1","Installed","Operational"
"00270445D38F","USFAI-AAES-ANIRA (00:27:04:45:D3:8F)","10.17.53.248","Installed","Operational"
"00270445F7C5","USHAM-AAES-ANIRA (00:27:04:45:F7:C5)","10.253.152.2","Installed","Operational"
"00270445F7D9","USLAS-AAES-ANIRA (00:27:04:45:F7:D9)","10.252.196.1","Installed","Operational"
"00270445F81F","USWOR-AAES-ANIRA (00:27:04:45:F8:1F)","10.252.152.1","Installed","Operational"
"00270445F847","USLIV-AAES-ANIRA (00:27:04:45:F8:47)","10.252.172.1","Installed","Operational"
"00270445F86F","USDEE-AAES-ANIRA (00:27:04:45:F8:6F)","10.252.160.1","Installed","Operational"
"00270445F88D","USKER-AAES-ANIRA (00:27:04:45:F8:8D)","10.237.244.1","Installed","Operational"
"00270445F8F1","USCOL-AAES-ANIRA (00:27:04:45:F8:F1)","10.13.89.2","Installed","Operational"
"00270445F90F","USAUE-AAES-ANIRA (00:27:04:45:F9:0F)","10.252.156.1","Installed","Operational"
"00270445FC89","USFLO-AAES-ANIRA (00:27:04:45:FC:89)","10.129.208.1","Installed","Operational"
"00270445FCE3","USKYR-AAES-ANIRA (00:27:04:45:FC:E3)","10.244.44.1","Installed","Operational"
"00270445FCED","USSYR-AAES-ANIRA (00:27:04:45:FC:ED)","10.252.176.1","Installed","Operational"
"00270445FCF7","USPEA-AAES-ANIRA (00:27:04:45:FC:F7)","10.243.48.2","Installed","Operational"
"00270445FD1F","USELG-AAES-ANIRA (00:27:04:45:FD:1F)","10.252.188.1","Installed","Operational"
"00270445FE5F","USARD-AAES-ANIRA (00:27:04:45:FE:5F)","10.129.200.1","Installed","Operational"
"002704462353","USMOA-AMER-ANIRA (00:27:04:46:23:53)","10.115.0.9","Installed","Operational"
"002704462371","USSAL-AMER-ANIRA (00:27:04:46:23:71)","10.1.0.3","Installed","Operational"
"0027044627D1","USMRD-AAES-ANIRA (00:27:04:46:27:D1)","10.17.46.248","Installed","Operational"
"002704462DA3","USCHL-AMER-ANIRA (00:27:04:46:2D:A3)","10.239.147.2","Installed","Operational"
"002704463F4B","USVEN-AMER-ANIRA (00:27:04:46:3F:4B)","10.100.0.5","Installed","Operational"
"00270446F5E1","USCLN-AMER-ANIRA (00:27:04:46:F5:E1)","10.245.64.1","Installed","Operational"
"00270447138F","USBLN-AMER-ANIRA (00:27:04:47:13:8F)","10.203.0.25","Installed","Operational"
"002704474A53","USWST-AAES-ANIRA (00:27:04:47:4A:53)","10.0.0.84","Installed","Operational"
"002704474AF3","USLWR-AAES-ANIRA (00:27:04:47:4A:F3)","10.10.48.252","Installed","Operational"
"00270447501B","USONT-AMER-ANIRA (00:27:04:47:50:1B)","10.237.60.3","Installed","Operational"
"002704476EBB","USINT-AAES-ANIRA (00:27:04:47:6E:BB)","10.154.47.1","Installed","Operational"
"002704480547","USTRA-HOSP-ANIRA (00:27:04:48:05:47)","10.129.172.3","Installed","Operational"
"002704483017","USRCH-AAES-ANIRA (00:27:04:48:30:17)","10.154.66.1","Installed","Operational"
"00270448335F","USFRN-AAES-ANIRA (00:27:04:48:33:5F)","10.154.61.1","Installed","Operational"
"002704484403","USKNS-AAES-ANIRA (00:27:04:48:44:03)","10.104.192.3","Installed","Operational"
"002704487923","USMCK-AAES-ANIRA (00:27:04:48:79:23)","10.34.116.1","Installed","Operational"
"00270448AA83","USPHA-AAES-ANIRA (00:27:04:48:AA:83)","10.134.181.254","Installed","Operational"
"00270448C0A9","USRUS-AAES-ANIRA (00:27:04:48:C0:A9)","10.154.92.1","Installed","Operational"
"002704490375","USCON-AAES-ANIRA (00:27:04:49:03:75)","10.17.93.3","Installed","Operational"
"002704490DA7","USHOE-AAES-ANIRA (00:27:04:49:0D:A7)","10.252.192.1","Installed","Operational"
"002704492E9F","USGRO-AAES-ANIRA (00:27:04:49:2E:9F)","10.252.168.1","Installed","Operational"
"00270449366F","USMES-AMER-ANIRA (00:27:04:49:36:6F)","10.104.148.3","Installed","Operational"
"0027044D4589","CNLEL-APAC-ANIRA (00:27:04:4D:45:89)","10.245.136.3","Installed","Operational"
"0027044D466F","CNWHX-AAES-ANIRA (00:27:04:4D:46:6F)","10.34.133.2","Installed","Operational"
"0027044D4683","CNPAN-APAC-ANIRA (00:27:04:4D:46:83)","10.239.180.3","Installed","Operational"
"0027044D468D","CNSHC-AAES-ANIRA (00:27:04:4D:46:8D)","10.104.84.3","Installed","Operational"
"0027044D46A1","CNCHA-APAC-ANIRA (00:27:04:4D:46:A1)","10.245.212.3","Installed","Operational"
"0027044D46AB","CNGON-APAC-ANIRA (00:27:04:4D:46:AB)","10.245.132.3","Installed","Operational"
"0027044D4813","CNDAS-APAC-ANIRA (00:27:04:4D:48:13)","10.245.228.3","Installed","Operational"
"0027044D4A11","CNYAN-APAC-ANIRA (00:27:04:4D:4A:11)","10.239.176.3","Installed","Operational"
"0027044D4A1B","CNWUY-APAC-ANIRA (00:27:04:4D:4A:1B)","10.245.232.3","Installed","Operational"
"0027044D4CC3","CNBEA-APAC-ANIRA (00:27:04:4D:4C:C3)","10.245.188.3","Installed","Operational"
"0027044D4D09","CNQIN-APAC-ANIRA (00:27:04:4D:4D:09)","10.245.124.3","Installed","Operational"
"0027044D50E7","MXMTY-AAES-ANIRA (00:27:04:4D:50:E7)","10.17.147.248","Installed","Operational"
"0027044D5641","CNCHB-AAES-ANIRA (00:27:04:4D:56:41)","10.154.49.1","Installed","Operational"
"0027044D5A33","CNCHE-AAES-ANIRA (00:27:04:4D:5A:33)","10.34.70.1","Installed","Operational"
"0027044D5C63","CNSGG-AAGS-ANIRA (00:27:04:4D:4A:4D)","10.242.8.3","Installed","Operational"
"0027044D5EA7","CNSZX-HID-ANIRA (00:27:04:4D:5E:A7)","10.254.5.227","Installed","Operational"
"0027044D9165","ESBRC-AAES-ANIRA (00:27:04:4D:91:65)","10.63.13.1","Installed","Operational"
"ARASSABUE0001R","AREZE-HID-AVPN (ARASSABUE0001R)","32.30.222.30","Installed","Operational"
"ATASSASCH0002R","ATWIE-AAES-AVPN (ATASSASCH0002R)","32.34.150.122","Installed","Operational"
"ATASSAVIE0002R","ATVIE-EMEA-AVPN (ATASSAVIE0002R)","32.38.210.62","Installed","Operational"
"AUASSAAUB0001R","AUAUB-APAC-AVPN (AUASSAAUB0001R)","32.24.48.62","Installed","Operational"
"AUASSABEV0002R","AUMAR-APAC-AVPN (AUASSABEV0002R)","32.29.136.146","Installed","Operational"
"AUASSABRI0001R","AUBRJ-AAES-AVPN (AUASSABRI0001R)","32.24.135.98","Installed","Operational"
"AUASSACHE0001R","AUCHE-APAC-AVPN (AUASSACHE0001R)","32.29.224.22","Installed","Operational"
"AUASSADAN0003R","AUDAN-AAES-AVPN (AUASSADAN0003R)","32.24.123.126","Installed","Operational"
"AUASSAFOR0001R","AUFOR-APAC-AVPN (AUASSAFOR0001R)","32.29.68.62","Installed","Operational"
"AUASSAJBRI0001R","AUBRS-APAC-AVPN (AUASSAJBRI0001R)","32.24.130.114","Installed","Operational"
"AUASSAKEY0002R","AUCLA-AAES-AVPN (AUASSAKEY0002R)","32.24.76.150","Installed","Operational"
"AUASSAMAL0002R","AUPER-APAC-AVPN (AUASSAMAL0002R)","32.24.38.142","Installed","Operational"
"AUASSAMEN0005R","AUMEN-APAC-AVPN (AUASSAMEN0005R)","32.34.217.254","Installed","Operational"
"AUASSAMUR0001R","AUROC-APAC-AVPN (AUASSAMUR0001R)","32.24.31.62","Installed","Operational"
"AUASSAOAK0011R","AUOAK-APAC-AVPN (AUASSAOAK0011R)","32.29.71.94","Installed","Operational"
"AUASSAOAK0012R","AUOAK-APAC-AVPN (AUASSAOAK0012R)","32.29.75.14","Installed","Operational"
"AUASSAWIL0001R","AUWIL-APAC-AVPN (AUASSAWIL0001R)","32.34.218.194","Installed","Operational"
"AUASSAYEN0001R","AUYEN-AAES-AVPN (AUASSAYEN0001R)","32.24.123.46","Installed","Operational"
"BEASSAHOU0003R","BEHOU-AAES-AVPN (BEASSAHOU0003R)","32.39.49.246","Installed","Operational"
"BEASSALIE0002R","BELIE-AAES-AVPN (BEASSALIE0002R)","32.38.162.70","Installed","Operational"
"BEASSAMEL0004R","BEMEL-AAES-AVPN (BEASSAMEL0004R)","32.38.164.66","Installed","Operational"
"BEASSAMOO0001R","BEMOO-AAES-AVPN (BEASSAMOO0001R)","32.34.182.226","Installed","Operational"
"BEASSANIE0002R","BENIU-EMEA-AVPN (BEASSANIE0002R)","32.34.149.22","Installed","Operational"
"BEASSAWEM0002R","BEBRU-EMEA-AVPN (BEASSAWEM0002R)","32.38.143.166","Installed","Operational"
"BRASSABRA0001R","BRDIA-AMER-AVPN (BRASSABRA0001R)","32.49.72.32","Installed","Operational"
"BRASSACAM0001R","BRCAM-AMER-AVPN (BRASSACAM0001R)","135.42.124.152","Installed","Operational"
"BRASSASAL0001R","BRSAL-AMER-AVPN (BRASSASAL0001R)","32.30.115.142","Installed","Operational"
"BRASSASAO0005R","BRGRU-HID-AVPN (BRASSASAO0005R)","135.42.115.78","Installed","Operational"
"CAASSAABBBC08R","CAABB-AAES-AVPN (CAASSAABBBC08R)","32.35.132.166","Installed","Operational"
"CAASSALONON03R","CALON-AAES-AVPN (CAASSALONON02R)","32.10.44.82","Installed","Operational"
"CAASSAMISON04R","CAMIE-AAES-AVPN (CAASSAMISON04R)","32.35.132.134","Installed","Operational"
"CAASSAMISON06R","CAMIA-AAES-AVPN (CAASSAMISON05R)","135.42.93.5","Installed","Operational"
"CAASSASAIPQ05R","CAPOR-AAES-AVPN (CAASSASAIPQ05R)","32.10.47.154","Installed","Operational"
"CAASSASAIPQ08R","CAMOT-AAES-AVPN (CAASSASAIPQ07R)","32.10.50.230","Installed","Operational"
"CAASSAVAUBC01R","CAVDO-AMER-AVPN (CAASSAVAUBC01R)","32.10.3.218","Installed","Operational"
"CAASSAVAUON03R","CAVAU-AMER-AVPN (CAASSAVAUON03R)","32.10.35.170","Installed","Operational"
"CAASSAVAUON05R","CAVAG-AAES-AVPN (CAASSAVAUON05R)","32.35.144.35","Installed","Operational"
"CAASSAWOOON01R","CAASH-AMER-AVPN (CAASSAWOOON01R)","32.35.105.130","Installed","Operational"
"CHASSAFEH0001R","CHFEH-AAES-AVPN (CHASSAFEH0001R)","32.39.77.78","Installed","Operational"
"CHASSAGRA0001R","CHGVA-HID-AVPN (CHASSAGRA0001R)","32.35.57.138","Installed","Operational"
"CHASSAKLE0002R","CHKLE-EMEA-AVPN (CHASSAKLE0002R)","32.35.30.54","Installed","Operational"
"CHASSAPRE0003R","CHPRE-EMEA-AVPN (CHASSAPRE0003R)","32.38.240.26","Installed","Operational"
"CHASSARIC0004R","CHRIW-EMEA-AVPN (CHASSARIC0004R)","32.38.229.242","Installed","Operational"
"CLASSASAN0002R","CLODI-AMER-AVPN (CLASSASAN0002R)","32.30.167.146","Installed","Operational"
"CNASSABEI0001R","CNBEA-APAC-AVPN (CNASSABEI0001R)","32.24.131.174","Installed","Operational"
"CNASSACHA0004R","CNCHA-APAC-AVPN (CNASSACHA0004R)","32.24.143.198","Installed","Operational"
"CNASSACHA0006R","CNKUN-AAES-AVPN (CNASSACHA0006R)","32.24.127.222","Installed","Operational"
"CNASSACHE0002R","CNPIX-APAC-AVPN (CNASSACHE0002R)","32.24.141.186","Installed","Operational"
"CNASSAGUA0001R","CNPAN-APAC-AVPN (CNASSAGUA0001R)","32.34.231.110","Installed","Operational"
"CNASSAJIN0003R","CNWUY-APAC-AVPN (CNASSAJIN0003R)","32.24.111.110","Installed","Operational"
"CNASSALEL0001R","CNLEL-APAC-AVPN (CNASSALEL0001R)","32.29.139.226","Installed","Operational"
"CNASSALIS0001R","CNQIN-APAC-AVPN (CNASSALIS0001R)","32.24.36.30","Installed","Operational"
"CNASSASHA0013R","CNSHB-APAC-AVPN (CNASSASHA0013R)","32.24.126.178","Installed","Operational"
"CNASSASHA0014R","CNSHC-AAES-AVPN (CNASSASHA0014R)","32.24.135.226","Installed","Operational"
"CNASSASHA0015R","CNSGG-AAGS-AVPN (CNASSASHA0015R)","32.24.128.54","Installed","Operational"
"CNASSASHA0016R","CNIDC-GSSC-AVPN (CNASSASHA0016R)","32.24.103.190","Installed","Operational"
"CNASSASHA0017R","CNIDC-GSSC-AVPN (CNASSASHA0017R)","32.24.104.214","Installed","Operational"
"CNASSASHE0002R","CNSZX-HID-AVPN (CNASSASHE0002R)","32.24.98.90","Installed","Operational"
"CNASSASUZ0001R","CNSUZ-AAES-AVPN (CNASSASUZ0001R)","32.34.230.254","Installed","Operational"
"CNASSAYAN0004R","CNYAN-APAC-AVPN (CNASSAYAN0004R)","32.24.107.30","Installed","Operational"
"CNASSAYIN0001R","CNDAS-APAC-AVPN (CNASSAYIN0001R)","32.24.82.186","Installed","Operational"
"CNASSAZHO0002R","CNZHO-APAC-AVPN (CNASSAZHO0002R)","32.24.143.194","Installed","Operational"
"COASSABOG0003R","COBOG-AMER-AVPN (COASSABOG0003R)","135.42.117.50","Installed","Operational"
"CZASSAKOS0002R","CZOST-AAES-AVPN (CZASSAKOS0002R)","32.39.5.242","Installed","Operational"
"CZASSAOST0004R","CZKOS-AAES-AVPN (CZASSAOST0004R)","32.37.144.10","Installed","Operational"
"CZASSAPLZ0004R","CZPIL-AAES-AVPN (CZASSAPLZ0004R)","32.38.200.26","Installed","Operational"
"CZASSAPRA0004R","CZPRA-EMEA-AVPN (CZASSAPRA0004R)","32.37.165.197","Installed","Operational"
"CZASSARYC0002R","CZRYC-EMEA-AVPN (CZASSARYC0002R)","32.39.50.198","Installed","Operational"
"DEASSAALB0003R","DEALB-EMEA-AVPN (DEASSAALB0003R)","32.39.146.54","Installed","Operational"
"DEASSABER0005R","DEBLN-EMEA-AVPN (DEASSABER0005R)","32.39.145.106","Installed","Operational"
"DEASSABER0006R","DEBLN-EMEA-AVPN (DEASSABER0006R)","32.39.146.158","Installed","Operational"
"DEASSADIE0002R","DEDIE-AAES-AVPN (DEASSADIE0002R)","32.39.146.6","Installed","Operational"
"DEASSADUS0003R","DEDUS-GSSC-AVPN (DEASSADUS0003R)","32.38.236.46","Installed","Operational"
"DEASSADUS0005R","DEDUS-GSSC-AVPN (DEASSADUS0005R)","32.38.93.122","Installed","Operational"
"DEASSAHAM0002R","DEHBG-EMEA-AVPN (DEASSAHAM0002R)","32.39.123.198","Installed","Operational"
"DEASSALIP0002R","DELIP-AAES-AVPN (DEASSALIP0002R)","32.39.49.250","Installed","Operational"
"DEASSAMAH0001R","DEMAH-AAES-AVPN (DEASSAMAH0001R)","32.39.217.198","Installed","Operational"
"DEASSAMEE0004R","DEMEE-GSSC-AVPN (DEASSAMEE0004R)","32.38.235.250","Installed","Operational"
"DEASSAMEE0005R","DEMEE-GSSC-AVPN (DEASSAMEE0005R)","32.38.237.30","Installed","Operational"
"DEASSARAS0002R","DERAS-HID-AVPN (DEASSARAS0002R)","32.39.54.154","Installed","Operational"
"DEASSAWEN0002R","DEWEN-AAES-AVPN (DEASSAWEN0002R)","32.34.14.94","Installed","Operational"
"DEASSAWUP0001R","DEWUP-AAES-AVPN (DEASSAWUP0001R)","32.39.76.254","Installed","Operational"
"DKASSABAL0001R","DKHEA-EMEA-AVPN (DKASSABAL0001R)","32.39.59.126","Installed","Operational"
"DKASSABAL0002R","DKHEA-EMEA-AVPN (DKASSABAL0002R)","32.39.59.138","Installed","Operational"
"DKASSAHOB0002R","DKHOB-AAES-AVPN (DKASSAHOB0002R)","32.34.15.118","Installed","Operational"
"DKASSAKOL0001R","DKODE-AAES-AVPN (DKASSAKOL0001R)","32.34.188.130","Installed","Operational"
"DKASSARIN0001R","DKRIN-AAES-AVPN (DKASSARIN0001R)","32.34.148.146","Installed","Operational"
"ESASSAESC0002R","ESESC-EMEA-AVPN (ESASSAESC0002R)","32.38.68.246","Installed","Operational"
"ESASSAIRU0005R","ESIRA-EMEA-AVPN (ESASSAIRU0005R)","32.39.50.146","Installed","Operational"
"ESASSAIRU0007R","ESIRV-EMEA-AVPN (ESASSAIRU0007R)","32.39.59.222","Installed","Operational"
"ESASSAMAD0003R","ESMAD-AAES-AVPN (ESASSAMAD0003R)","32.38.90.242","Installed","Operational"
"ESASSASAN0002R","ESSAN-EMEA-AVPN (ESASSASAN0002R)","32.38.183.42","Installed","Operational"
"FIASSAESP0008R","FIPOO-EMEA-AVPN (FIASSAESP0008R)","32.38.157.138","Installed","Operational"
"FIASSAJOE0004R","FIJOE-EMEA-AVPN (FIASSAJOE0004R)","32.39.137.14","Installed","Operational"
"FIASSAJOE0005R","FILUK-EMEA-AVPN (FIASSAJOE0005R)","32.38.174.250","Installed","Operational"
"FIASSATAM0002R","FITAM-EMEA-AVPN (FIASSATAM0002R)","32.39.51.198","Installed","Operational"
"FIASSAVAN0001R","FIESP-AAES-AVPN (FIASSAVAN0001R)","32.38.178.62","Installed","Operational"
"FRASSABLE0001R","FRBLE-AAES-AVPN (FRASSABLE0001R)","32.38.144.46","Installed","Operational"
"FRASSABRU0002R","FRBRU-EMEA-AVPN (FRASSABRU0002R)","32.39.50.210","Installed","Operational"
"FRASSACES0001R","FRCES-AAES-AVPN (FRASSACES0001R)","32.38.144.154","Installed","Operational"
"FRASSACHA0001R","FRCHA-AAES-AVPN (FRASSACHA0001R)","32.35.59.22","Installed","Operational"
"FRASSADUN0001R","FRDUS-AAES-AVPN (FRASSADUN0001R)","32.38.200.70","Installed","Operational"
"FRASSALES0001R","FRLEP-AAES-AVPN (FRASSALES0001R)","32.38.116.186","Installed","Operational"
"FRASSALIE0001R","FRLIE-AAES-AVPN (FRASSALIE0001R)","32.34.60.94","Installed","Operational"
"FRASSALON0002R","FRLON-EMEA-AVPN (FRASSALON0002R)","32.39.50.158","Installed","Operational"
"FRASSAMON0001R","FRMON-EMEA-AVPN (FRASSAMON0001R)","32.35.59.38","Installed","Operational"
"FRASSAOUS0004R","FROUS-EMEA-AVPN (FRASSAOUS0004R)","32.39.138.154","Installed","Operational"
"FRASSAROM0002R","FRROM-EMEA-AVPN (FRASSAROM0002R)","32.39.107.242","Installed","Operational"
"FRASSASAI0001R","FRSAV-EMEA-AVPN (FRASSASAI0001R)","32.38.205.122","Installed","Operational"
"FRASSASAR0001R","FRSAR-AAES-AVPN (FRASSASAR0001R)","32.35.5.206","Installed","Operational"
"FRASSASSQ0006R","FRTRO-EMEA-AVPN (FRASSASSQ0006R)","32.39.143.202","Installed","Operational"
"FRASSASUR0002R","FRSRE-HID-AVPN (FRASSASUR0002R)","32.39.42.230","Installed","Operational"
"FRASSAVIL0001R","FRVIL-EMEA-AVPN (FRASSAVIL0001R)","32.39.154.118","Installed","Operational"
"FRASSAVOG0002R","FRVOG-AAES-AVPN (FRASSAVOG0002R)","32.39.78.106","Installed","Operational"
"GBASSABAS0001R","UKBAS-HID-AVPN (GBASSABAS0001R)","32.39.59.86","Installed","Operational"
"GBASSABLA0001R","UKBLA-AAES-AVPN (GBASSABLA0001R)","32.39.76.190","Installed","Operational"
"GBASSABOW0002R","UKDUR-EMEA-AVPN (GBASSABOW0002R)","32.39.181.186","Installed","Operational"
"GBASSACAR0001R","UKCAR-HID-AVPN (GBASSACAR0001R)","32.38.181.86","Installed","Operational"
"GBASSACHE0002R","UKCHE-EMEA-AVPN (GBASSACHE0002R)","32.39.225.234","Installed","Operational"
"GBASSADEN0003R","UKDEN-EMEA-AVPN (GBASSADEN0003R)","32.39.12.122","Installed","Operational"
"GBASSAERD0002R","UKERD-EMEA-AVPN (GBASSAERD0002R)","32.38.214.6","Installed","Operational"
"GBASSALEE0001R","UKLEE-EMEA-AVPN (GBASSALEE0001R)","32.38.190.178","Installed","Operational"
"GBASSALIS0001R","UKLIS-EMEA-AVPN (GBASSALIS0001R)","32.39.170.14","Installed","Operational"
"GBASSANEW0001R","UKNEW-EMEA-AVPN (GBASSANEW0001R)","32.38.40.74","Installed","Operational"
"GBASSAOLN0005R","UKOLN-HOSP-AVPN (GBASSAOLN0005R)","32.39.24.226","Installed","Operational"
"GBASSASHE0002R","UKSHE-AAES-AVPN (GBASSASHE0002R)","32.38.212.154","Installed","Operational"
"GBASSAWIL0003R","UKWIL-EMEA-AVPN (GBASSAWIL0003R)","32.34.133.6","Installed","Operational"
"GBASSAWOK0006R","UKWOK-EMEA-AVPN (GBASSAWOK0006R)","32.38.40.34","Installed","Operational"
"HKASSAHON0006R","HKKCH-HID-AVPN (HKASSAHON0006R)","32.34.247.39","Installed","Operational"
"HKASSAKOW0003R","CNHKG-HID-AVPN (HKASSAKOW0003R)","32.24.141.190","Installed","Operational"
"HKASSASHA0001R","HKKOW-APAC-AVPN (HKASSASHA0001R)","32.24.120.214","Installed","Operational"
"HUASSADEB0002R","HUDEB-AAES-AVPN (HUASSADEB0002R)","32.38.240.18","Installed","Operational"
"HUASSASZE0001R","HUSZE-EMEA-AVPN (HUASSASZE0001R)","32.39.107.178","Installed","Operational"
"IEASSABAL0001R","IEUBL-EMEA-AVPN (IEASSABAL0001R)","32.39.223.94","Installed","Operational"
"IEASSAGAL0002R","IEGAL-HID-AVPN (IEASSAGAL0002R)","32.39.55.74","Installed","Operational"
"IEASSAGAL0003R","IEGLY-HID-AVPN (IEASSAGAL0003R)","32.39.76.142","Installed","Operational"
"IEASSASHA0001R","IESHA-HID-AVPN (IEASSASHA0001R)","32.38.252.46","Installed","Operational"
"ILASSAYAV0002R","ILYAV-EMEA-AVPN (ILASSAYAV0002R)","32.38.26.246","Installed","Operational"
"INASSABEN0002R","INBAN-AAAB-AVPN (INASSABEN0002R)","32.24.113.138","Installed","Operational"
"INASSABEN0003R","INBAN-AAAB-AVPN (INASSABEN0003R)","32.24.122.234","Installed","Operational"
"INASSABEN0004R","INEMB-HID-AVPN (INASSABEN0004R)","32.24.74.14","Installed","Operational"
"INASSACHE0003R","INCHE-HID-AVPN (INASSACHE0003R)","32.34.229.50","Installed","Operational"
"INASSAGUR0001R","INGRN-AAAB-AVPN (INASSAGUR0001R)","32.24.80.222","Installed","Operational"
"INASSAMUM0002R","INMUE-EMEA-AVPN (INASSAMUM0002R)","32.24.44.6","Installed","Operational"
"INASSAULS0003R","INBLR-HID-AVPN (INASSAULS0003R)","32.24.21.122","Installed","Operational"
"ITASSACAR0001R","ITMIL-AAES-AVPN (ITASSACAR0001R)","32.39.37.78","Installed","Operational"
"ITASSAGAZ0003R","ITBRU-AAES-AVPN (ITASSAGAZ0003R)","32.38.101.182","Installed","Operational"
"ITASSAORI0001R","ITCAR-AAES-AVPN (ITASSAORI0001R)","32.38.232.198","Installed","Operational"
"ITASSASAN0001R","ITSGP-EMEA-AVPN (ITASSASAN0001R)","32.38.228.30","Installed","Operational"
"KRASSADAL0001R","KRDAE-APAC-AVPN (KRASSADAL0001R)","32.24.124.18","Installed","Operational"
"KRASSAGYE0001R","KRSIH-APAC-AVPN (KRASSAGYE0001R)","135.42.61.70","Installed","Operational"
"KRASSASEO0004R","KRSEO-APAC-AVPN (KRASSASEO0004R)","32.24.79.202","Installed","Operational"
"MXASSAMEX0006R","MXMXB-AMER-AVPN (MXASSAMEX0006R)","135.42.123.101","Installed","Operational"
"MXASSATIJ0006R","MXTJN-AMER-AVPN (MXASSATIJ0006R)","32.49.72.55","Installed","Operational"
"MXASSATLA0004R","MXANI-AMER-AVPN (MXASSATLA0004R)","32.49.72.76","Installed","Operational"
"MXASSAVAL0002R","MXMTX-AMER-AVPN (MXASSAVAL0002R)","32.49.72.79","Installed","Operational"
"MXFRNTREN0002R","MXREY-AAES-AVPN (MXASSAREN0001R)","135.42.124.106","Installed","Operational"
"MYASSAJOH0001R","MYKUL-HID-AVPN (MYASSAJOH0001R)","32.24.38.2","Installed","Operational"
"MYASSASEL0001R","MYKUB-APAC-AVPN (MYASSASEL0001R)","32.24.87.182","Installed","Operational"
"NLASSABAR0003R","NLBAR-AAES-AVPN (NLASSABAR0003R)","32.34.160.162","Installed","Operational"
"NLASSAEDE0002R","NLEDE-AAES-AVPN (NLASSAEDE0002R)","32.39.5.34","Installed","Operational"
"NLASSAHEE0001R","NLHEE-AAES-AVPN (NLASSAHEE0001R)","32.34.57.218","Installed","Operational"
"NLASSARAA0006R","NLRDV-EMEA-AVPN (NLASSARAA0006R)","32.38.39.218","Installed","Operational"
"NLASSATER0001R","NLTER-AAES-AVPN (NLASSATER0001R)","32.38.162.218","Installed","Operational"
"NLASSAVEL0002R","NLDER-HID-AVPN (NLASSAVEL0002R)","32.34.3.50","Installed","Operational"
"NOASSAOSL0001R","NOOSL-AAES-AVPN (NOASSAOSL0001R)","32.39.250.190","Installed","Operational"
"NOASSASKI0001R","NOSKI-EMEA-AVPN (NOASSASKI0001R)","32.38.49.154","Installed","Operational"
"NOASSASKI0002R","NOSKI-EMEA-AVPN (NOASSASKI0002R)","32.38.49.206","Installed","Operational"
"NZASSAAUC0001R","NZALB-APAC-AVPN (NZASSAAUC0001R)","32.24.87.114","Installed","Operational"
"NZASSAAUC0002R","NZAND-APAC-AVPN (NZASSAAUC0002R)","32.24.23.214","Installed","Operational"
"NZASSASEA0001R","NZWEA-APAC-AVPN (NZASSASEA0001R)","32.29.171.10","Installed","Operational"
"NZASSATIM0001R","NZTIM-APAC-AVPN (NZASSATIM0001R)","32.29.143.250","Installed","Operational"
"PLASSABIE0001R","PLPLO-EMEA-AVPN (PLASSABIE0001R)","32.34.30.70","Installed","Operational"
"PLASSADOB0003R","PLDOB-EMEA-AVPN (PLASSADOB0003R)","32.39.170.34","Installed","Operational"
"PLASSAGDA0003R","PLGDA-EMEA-AVPN (PLASSAGDA0003R)","32.38.154.102","Installed","Operational"
"PLASSALES0001R","PLLES-EMEA-AVPN (PLASSALES0001R)","32.37.134.15","Installed","Operational"
"PLASSAWAR0003R","PLWAE-AAES-AVPN (PLASSAWAR0003R)","32.39.50.118","Installed","Operational"
"PLASSAWAR0005R","PLWAR-EMEA-AVPN (PLASSAWAR0005R)","32.39.192.86","Installed","Operational"
"PLASSAZAB0002R","PLKRA-AAAB-AVPN (PLASSAZAB0002R)","32.34.17.250","Installed","Operational"
"ROASSABUC0003R","ROBUH-EMEA-AVPN (ROASSABUC0003R)","32.34.140.238","Installed","Operational"
"ROASSAHUN0004R","ROHUN-AAES-AVPN (ROASSAHUN0004R)","32.38.167.114","Installed","Operational"
"SEASSAESK0009R","SEESK-EMEA-AVPN (SEASSAESK0009R)","32.38.45.226","Installed","Operational"
"SEASSAESK0010R","SEESK-EMEA-AVPN (SEASSAESK0010R)","32.38.54.110","Installed","Operational"
"SEASSAGOT0012R","SEGBG-EMEA-AVPN (SEASSAGOT0012R)","32.34.136.166","Installed","Operational"
"SEASSAJAR0002R","SEJAR-AAES-AVPN (SEASSAJAR0002R)","32.39.51.162","Installed","Operational"
"SEASSAJON0002R","SEJON-AAES-AVPN (SEASSAJON0002R)","32.39.41.118","Installed","Operational"
"SEASSAKUN0003R","SECOP-EMEA-AVPN (SEASSAKUN0003R)","32.39.51.114","Installed","Operational"
"SEASSALAN0003R","SELAN-AAES-AVPN (SEASSALAN0003R)","32.39.10.90","Installed","Operational"
"SEASSAMOL0001R","SEMOL-EMEA-AVPN (SEASSAMOL0001R)","32.39.195.9","Installed","Operational"
"SEASSAMOL0002R","SEMOL-EMEA-AVPN (SEASSAMOL0002R)","32.38.66.62","Installed","Operational"
"SEASSASKE0001R","SESKE-AAES-AVPN (SEASSASKE0001R)","32.38.240.22","Installed","Operational"
"SEASSASTO0016R","SESTV-EMEA-AVPN (SEASSASTO0016R)","32.38.4.122","Installed","Operational"
"SEASSASTO0017R","SESTV-EMEA-AVPN (SEASSASTO0017R)","32.38.4.210","Installed","Operational"
"SEASSASTO0018R","SESHQ-AAAB-AVPN (SEASSASTO0018R)","32.39.41.22","Installed","Operational"
"SEASSATRL0005R","SETOH-AAES-AVPN (SEASSATRL0005R)","32.38.147.50","Installed","Operational"
"SEASSAVAS0001R","SEVAS-AAES-AVPN (SEASSAVAS0001R)","32.38.178.90","Installed","Operational"
"SGASSASIN0008R","SGSIE-AAES-AVPN (SGASSASIN0008R)","32.24.90.210","Installed","Operational"
"SGASSASIN0009R","SGSIA-APAC-AVPN (SGASSASIN0009R)","32.24.105.186","Installed","Operational"
"SGASSASIN0010R","SGIDC-GSSC-AVPN (SGASSASIN0010R)","32.24.133.226","Installed","Operational"
"SGASSASIN0011R","SGIDC-GSSC-AVPN (SGASSASIN0011R)","32.24.138.2","Installed","Operational"
"USASSAANACA05R","USDON-AAES-AVPN (USASSAANACA05R)","32.246.137.34","Installed","Operational"
"USASSAAURCO04R","USAUR-AMER-AVPN (USASSAAURCO04R)","32.1.95.98","Installed","Operational"
"USASSAAUSGA09R","USAUA-AMER-AVPN (USASSAAUSGA09R)","32.1.44.32","Installed","Operational"
"USASSAAUSTX01R","USAUS-HID-AVPN (USASSAAUSTX01R)","32.1.104.214","Installed","Operational"
"USASSABERCT05R","USBLN-AMER-AVPN (USASSABERCT05R)","32.245.147.22","Installed","Operational"
"USASSABROTX01R","USBRN-AAES-AVPN (USASSABROTX01R)","32.243.185.102","Installed","Operational"
"USASSACARIL08R","USCAR-AMER-AVPN (USASSACARIL08R)","32.2.204.70","Installed","Operational"
"USASSACARNJ01R","USCRL-AMER-AVPN (USASSACARNJ01R)","32.5.96.62","Installed","Operational"
"USASSACARTX02R","USTCA-AAES-AVPN (USASSACARTX02R)","32.1.32.253","Installed","Operational"
"USASSACERCA03R","USCER-AMER-AVPN (USASSACERCA03R)","32.1.47.37","Installed","Operational"
"USASSACITCA09R","USCTY-AMER-AVPN (USASSACITCA09R)","32.2.243.58","Installed","Operational"
"USASSACOLMD01R","USCOL-AAES-AVPN (USASSACOLMD01R)","32.5.20.74","Installed","Operational"
"USASSAEASPA05R","USEAS-AMER-AVPN (USASSAEASPA05R)","32.1.18.214","Installed","Operational"
"USASSAFRAIL05R","USDC2-GSSC-AVPN (USASSAFRAIL05R)","32.1.103.46","Installed","Operational"
"USASSAFRAIL06R","USDC2-GSSC-AVPN (USASSAFRAIL06R)","32.1.102.150","Installed","Operational"
"USASSAFRAIL07R","USDC1-GSSC-AVPN (USASSAFRAIL07R)","32.1.125.254","Installed","Operational"
"USASSAFRAIL08R","USDC1-GSSC-AVPN (USASSAFRAIL08R)","32.1.124.74","Installed","Operational"
"USASSAGARTX04R","USGAR-AMER-AVPN (USASSAGARTX04R)","32.4.173.166","Installed","Operational"
"USASSAGRESC06R","USGRE-AAES-AVPN (USASSAGRESC06R)","32.0.249.120","Installed","Operational"
"USASSAHACNJ03R","USLOD-AMER-AVPN (USASSAHACNJ03R)","32.243.176.230","Installed","Operational"
"USASSAHAMNJ04R","USHAM-AAES-AVPN (USASSAHAMNJ04R)","32.246.137.86","Installed","Operational"
"USASSAHUNNC01R","USCTT-AAES-AVPN (USASSAHUNNC01R)","32.0.241.24","Installed","Operational"
"USASSAIRVTX06R","USIRA-AMER-AVPN (USASSAIRVTX06R)","32.1.161.54","Installed","Operational"
"USASSAIRWCA02R","USIRD-AMER-AVPN (USASSAIRWCA02R)","32.1.93.154","Installed","Operational"
"USASSAKENWA05R","USKEN-AMER-AVPN (USASSAKENWA05R)","32.5.73.22","Installed","Operational"
"USASSAKENWI01R","USKNS-AAES-AVPN (USASSAKENWI01R)","32.1.10.173","Installed","Operational"
"USASSALAWKS02R","USLWR-AAES-AVPN (USASSALAWKS02R)","32.3.45.14","Installed","Operational"
"USASSAMEMTN03R","USDIS-AMER-AVPN (USASSAMEMTN03R)","32.6.224.134","Installed","Operational"
"USASSAMEQWI01R","USMEQ-AAES-AVPN (USASSAMEQWI01R)","32.2.96.46","Installed","Operational"
"USASSAMESTX01R","USMES-AMER-AVPN (USASSAMESTX01R)","32.1.16.67","Installed","Operational"
"USASSAMILTN07R","USMIL-AMER-AVPN (USASSAMILTN07R)","32.5.110.34","Installed","Operational"
"USASSAMOCNC02R","USMOC-AAES-AVPN (USASSAMOCNC02R)","32.1.63.130","Installed","Operational"
"USASSAMONNC11R","USMON-AMER-AVPN (USASSAMONNC11R)","32.3.88.154","Installed","Operational"
"USASSAMONNC12R","USMOA-AMER-AVPN (USASSAMONNC12R)","32.6.232.190","Installed","Operational"
"USASSAMONNC13R","USMOO-AAES-AVPN (USASSAMONNC13R)","32.243.175.138","Installed","Operational"
"USASSAMUSWI01R","USMUS-AAES-AVPN (USASSAMUSWI01R)","32.1.25.213","Installed","Operational"
"USASSANAPIL02R","USNAP-AAES-AVPN (USASSANAPIL02R)","32.5.36.146","Installed","Operational"
"USASSANEWCT04R","USNEW-AMER-AVPN (USASSANEWCT04R)","32.0.247.209","Installed","Operational"
"USASSANEWNC02R","USNWT-AMER-AVPN (USASSANEWNC02R)","32.5.132.214","Installed","Operational"
"USASSANMASIA01R","USMAS-AMER-AVPN (USASSANMASIA01R)","32.2.63.130","Installed","Operational"
"USASSAONTCA06R","USONT-AMER-AVPN (USASSAONTCA06R)","32.5.116.250","Installed","Operational"
"USASSAORLFL04R","USTRA-HOSP-AVPN (USASSAORLFL04R)","32.243.241.202","Installed","Operational"
"USASSAPEAGA04R","USPEA-AAES-AVPN (USASSAPEAGA04R)","32.3.123.30","Installed","Operational"
"USASSAPEAGA07R","USAHG-AMER-AVPN (USASSAPEAGA07R)","32.5.152.30","Installed","Operational"
"USASSAPHATX03R","USPHA-AAES-AVPN (USASSAPHATX03R)","32.1.52.196","Installed","Operational"
"USASSAPLEIA01R","USPLE-AAES-AVPN (USASSAPLEIA01R)","32.1.41.60","Installed","Operational"
"USASSARENNV04R","USREN-APAC-AVPN (USASSARENNV04R)","32.243.172.130","Installed","Operational"
"USASSARENNV05R","USREO-APAC-AVPN (USASSARENNV05R)","32.0.249.99","Installed","Operational"
"USASSARICTX04R","USRIC-HOSP-AVPN (USASSARICTX04R)","32.1.151.242","Installed","Operational"
"USASSAROCPA05R","USROC-AMER-AVPN (USASSAROCPA05R)","32.5.117.2","Installed","Operational"
"USASSASALVA05R","USSAL-AMER-AVPN (USASSASALVA05R)","32.2.179.102","Installed","Operational"
"USASSASHAKS02R","USSHA-AAES-AVPN (USASSASHAKS02R)","32.246.177.226","Installed","Operational"
"USASSASUSWI01R","USSUS-AAES-AVPN (USASSASUSWI01R)","32.246.192.208","Installed","Operational"
"USASSATULOK04R","USTUL-AAES-AVPN (USASSATULOK04R)","32.1.2.79","Installed","Operational"
"USASSAVENCA03R","USVEN-AMER-AVPN (USASSAVENCA03R)","32.6.224.158","Installed","Operational"
"USASSAWINNC02R","USWST-AAES-AVPN (USASSAWINNC02R)","32.3.146.14","Installed","Operational"
"USHIDGALBNM04R","USALB-HID-AVPN (USASSAALBNM01R)","32.245.26.250","Installed","Operational"
"USHIDGASHVA01R","USEQX-HID-AVPN (USHIDGASHVA01R)","32.1.57.136","Installed","Operational"
"USHIDGEDEMN03R","USMIN-HID-AVPN (USASSAEDEMN02R)","32.6.249.202","Installed","Operational"
"USHIDGFRECA05R","USFRE-HID-AVPN (USASSAFRECA03R)","32.245.81.178","Installed","Operational"
"USHIDGPALFL01R","USPAL-HID-AVPN (USASSAPALFL03R)","32.1.19.165","Installed","Operational"
"usphor-asr1001b","USPHO-AMER-AVPN (usphor-asr1001b)","10.255.80.9","Installed","Operational"
"VNASSAVIN0001R","VNVIN-APAC-AVPN (VNASSAVIN0001R)","32.24.99.46","Installed","Operational"
"ZAASSAROO0002R","ZAJOP-EMEA-AVPN (ZAASSAROO0002R)","32.38.42.186","Installed","Operational"
